<step title="Incoming Request" date="2026-01-26T04:09:16.733" instance="9be4b8" url="/api/publish?type=zip&amp;async=True" method="POST" type="request" pid="831,1,14" Accept="*/*" Host="finanzia.scm.azurewebsites.net" User-Agent="AZURECLI/2.80.0 (MSI)" Accept-Encoding="gzip, deflate" Authorization="Bea..." Cache-Control="no-cache" Content-Type="application/octet-stream" Content-Length="1295052" x-ms-client-request-id="babd0329-fa6c-11f0-9b97-68c6ac7eabed" x-ms-artifact-checksum="00fe7d5a6dacf54339b1c7463e4ac8a671f303a209d09cd09d0eb9d8f82c3685" X-ARR-LOG-ID="babd0329-fa6c-11f0-9b97-68c6ac7eabed" CLIENT-IP="190.150.168.172:9434" X-SITE-DEPLOYMENT-ID="finanzia" WAS-DEFAULT-HOSTNAME="finanzia.scm.azurewebsites.net" X-Forwarded-Proto="https" X-AppService-Proto="https" X-Forwarded-TlsVersion="1.3" X-WAWS-Unencoded-URL="/api/publish?type=zip&amp;async=True" X-Client-IP="190.150.168.172" X-Client-Port="9434" >
  <step title="OneDeploy" date="2026-01-26T04:09:17.002" >
    <step title="None repository commit" date="2026-01-26T04:09:17.017" >
      <step title="Commit id: 63b4c277-4915-4c11-b70b-2c8fff094be1" date="2026-01-26T04:09:17.024" Message="N/A" AuthorName="N/A" AuthorEmail="N/A" /><!-- duration: 4ms -->
    </step><!-- duration: 14ms -->
    <step title="Starting PushDeployAsync" date="2026-01-26T04:09:17.035" /><!-- duration: 4ms -->
    <step title="Writing artifact to /tmp/zipdeploy/b8386434-7477-4979-9c1d-4e10c4f9906e.zip" date="2026-01-26T04:09:17.052" >
      <step title="Writing multipart request body to /tmp/zipdeploy/b8386434-7477-4979-9c1d-4e10c4f9906e.zip" date="2026-01-26T04:09:17.056" /><!-- duration: 4ms -->
    </step><!-- duration: 35ms -->
    <step title="Start deployment in the background" date="2026-01-26T04:09:17.103" >
      <step title="Acquiring Deployment Lock" date="2026-01-26T04:09:17.128" /><!-- duration: 3ms -->
      <step title="Acquired Deployment Lock" date="2026-01-26T04:09:17.172" /><!-- duration: 3ms -->
    </step><!-- duration: 146ms -->
  </step><!-- duration: 253ms -->
  <step title="Outgoing response" date="2026-01-26T04:09:17.264" type="response" statusCode="202" statusText="Accepted" /><!-- duration: 5ms -->
</step><!-- duration: 539ms -->
