﻿<?xml version="1.0" encoding="utf-8"?>
<deployment>
  <id>609e1a12efb44df6b8a8725053f318b8</id>
  <author>N/A</author>
  <deployer>OneDeploy</deployer>
  <authorEmail>N/A</authorEmail>
  <message>OneDeploy</message>
  <progress></progress>
  <status>Success</status>
  <statusText></statusText>
  <lastSuccessEndTime>2026-01-26T03:46:18.2937722Z</lastSuccessEndTime>
  <receivedTime>2026-01-26T03:45:25.8911337Z</receivedTime>
  <startTime>2026-01-26T03:45:26.0942651Z</startTime>
  <endTime>2026-01-26T03:46:18.2937722Z</endTime>
  <complete>True</complete>
  <is_temp>False</is_temp>
  <is_readonly>True</is_readonly>
  <project_type>NODE.JS</project_type>
  <vsproject_id></vsproject_id>
</deployment>