{"TimeStamp":"2026-01-26T02:51:00Z","SiteName":"finanzia","RequestId":"c772ef24-fa61-11f0-b3e5-68c6ac7eabed","Kind":"OneDeploy","Status":"Success","Details":"{\"Id\":\"cd9d08526fc24d22a475dfd930088d9a\",\"Status\":4,\"StatusText\":\"\",\"AuthorEmail\":\"N/A\",\"Author\":\"N/A\",\"Message\":\"OneDeploy\",\"Progress\":\"\",\"Deployer\":\"OneDeploy\",\"ReceivedTime\":\"2026-01-26T02:50:49.2760407Z\",\"StartTime\":\"2026-01-26T02:50:49.4322312Z\",\"EndTime\":\"2026-01-26T02:51:00.9228051Z\",\"LastSuccessEndTime\":\"2026-01-26T02:51:00.9228051Z\",\"Complete\":true,\"IsTemporary\":false,\"IsReadOnly\":true,\"SiteName\":\"finanzia\",\"HostName\":\"finanzia.scm.azurewebsites.net\",\"ProjectType\":\"OneDeploy\",\"VsProjectId\":null}"}