﻿<?xml version="1.0" encoding="utf-8"?>
<deployment>
  <id>63b4c277-4915-4c11-b70b-2c8fff094be1</id>
  <author>N/A</author>
  <deployer>OneDeploy</deployer>
  <authorEmail>N/A</authorEmail>
  <message>OneDeploy</message>
  <progress></progress>
  <status>Failed</status>
  <statusText></statusText>
  <lastSuccessEndTime />
  <receivedTime>2026-01-26T04:09:21.8532093Z</receivedTime>
  <startTime>2026-01-26T04:09:23.2968033Z</startTime>
  <endTime>2026-01-26T04:10:36.6835629Z</endTime>
  <complete>True</complete>
  <is_temp>False</is_temp>
  <is_readonly>True</is_readonly>
  <buildSummary />
</deployment>