﻿<?xml version="1.0" encoding="utf-8"?>
<deployment>
  <id>b8a8f5b1-588b-47b5-be49-7cfa47795350</id>
  <author>N/A</author>
  <deployer>Push-Deployer</deployer>
  <authorEmail>N/A</authorEmail>
  <message>Created via a push deployment</message>
  <progress></progress>
  <status>Success</status>
  <statusText></statusText>
  <lastSuccessEndTime>2026-01-26T05:24:50.5767895Z</lastSuccessEndTime>
  <receivedTime>2026-01-26T05:24:32.6180329Z</receivedTime>
  <startTime>2026-01-26T05:24:34.282674Z</startTime>
  <endTime>2026-01-26T05:24:50.5767895Z</endTime>
  <complete>True</complete>
  <is_temp>False</is_temp>
  <is_readonly>True</is_readonly>
  <buildSummary />
</deployment>