<Events><Event><System><Provider Name="PowerShell"/><EventID>800</EventID><Level>4</Level><Task>0</Task><Keywords>Keywords</Keywords><TimeCreated SystemTime="2026-01-26T02:59:44Z"/><EventRecordID>145230000</EventRecordID><Channel>Application</Channel><Computer>WEBWK000009</Computer><Security/></System><EventData><Data>&amp;{Add-Type -Path 'C:\Program Files (x86)\npm\10.8.2\node_modules\npm\node_modules\node-gyp\lib\Find-VisualStudio.cs';[VisualStudioConfiguration.Main]::PrintJson()}</Data><Data>	DetailSequence=1
	DetailTotal=1

	SequenceNumber=17

	UserId=IIS APPPOOL\finanzia
	HostName=ConsoleHost
	HostVersion=5.1.20348.4294
	HostId=4b0af336-b7e2-479a-b04c-1a280da03d59
	HostApplication=C:\Windows\System32\WindowsPowerShell\v1.0\powershell.exe -ExecutionPolicy Unrestricted -NoProfile -Command &amp;{Add-Type -Path 'C:\Program Files (x86)\npm\10.8.2\node_modules\npm\node_modules\node-gyp\lib\Find-VisualStudio.cs';[VisualStudioConfiguration.Main]::PrintJson()}
	EngineVersion=5.1.20348.4294
	RunspaceId=e6e75df2-e76e-4e1b-aba5-f8c3a675ea65
	PipelineId=1
	ScriptName=
	CommandLine=&amp;{Add-Type -Path 'C:\Program Files (x86)\npm\10.8.2\node_modules\npm\node_modules\node-gyp\lib\Find-VisualStudio.cs';[VisualStudioConfiguration.Main]::PrintJson()}</Data><Data>CommandInvocation(Add-Type): "Add-Type"
ParameterBinding(Add-Type): name="Path"; value="C:\Program Files (x86)\npm\10.8.2\node_modules\npm\node_modules\node-gyp\lib\Find-VisualStudio.cs"
</Data></EventData></Event><Event><System><Provider Name="PowerShell"/><EventID>800</EventID><Level>4</Level><Task>0</Task><Keywords>Keywords</Keywords><TimeCreated SystemTime="2026-01-26T02:59:46Z"/><EventRecordID>145232171</EventRecordID><Channel>Application</Channel><Computer>WEBWK000009</Computer><Security/></System><EventData><Data>&amp;{Add-Type -Path 'C:\Program Files (x86)\npm\10.8.2\node_modules\npm\node_modules\node-gyp\lib\Find-VisualStudio.cs';[VisualStudioConfiguration.Main]::PrintJson()}</Data><Data>	DetailSequence=1
	DetailTotal=1

	SequenceNumber=17

	UserId=IIS APPPOOL\finanzia
	HostName=ConsoleHost
	HostVersion=5.1.20348.4294
	HostId=fbe2c464-3e7b-459c-bf0f-467435f0ce1f
	HostApplication=C:\Windows\System32\WindowsPowerShell\v1.0\powershell.exe -ExecutionPolicy Unrestricted -NoProfile -Command &amp;{Add-Type -Path 'C:\Program Files (x86)\npm\10.8.2\node_modules\npm\node_modules\node-gyp\lib\Find-VisualStudio.cs';[VisualStudioConfiguration.Main]::PrintJson()}
	EngineVersion=5.1.20348.4294
	RunspaceId=179abda6-39fc-4768-bbf7-0c200dc5b032
	PipelineId=1
	ScriptName=
	CommandLine=&amp;{Add-Type -Path 'C:\Program Files (x86)\npm\10.8.2\node_modules\npm\node_modules\node-gyp\lib\Find-VisualStudio.cs';[VisualStudioConfiguration.Main]::PrintJson()}</Data><Data>CommandInvocation(Add-Type): "Add-Type"
ParameterBinding(Add-Type): name="Path"; value="C:\Program Files (x86)\npm\10.8.2\node_modules\npm\node_modules\node-gyp\lib\Find-VisualStudio.cs"
</Data></EventData></Event></Events>