{"TimeStamp":"2026-01-26T03:46:18Z","SiteName":"finanzia","RequestId":"610409df-fa69-11f0-8aa3-68c6ac7eabed","Kind":"OneDeploy","Status":"Success","Details":"{\"Id\":\"609e1a12efb44df6b8a8725053f318b8\",\"Status\":4,\"StatusText\":\"\",\"AuthorEmail\":\"N/A\",\"Author\":\"N/A\",\"Message\":\"OneDeploy\",\"Progress\":\"\",\"Deployer\":\"OneDeploy\",\"ReceivedTime\":\"2026-01-26T03:45:25.8911337Z\",\"StartTime\":\"2026-01-26T03:45:26.0942651Z\",\"EndTime\":\"2026-01-26T03:46:18.2937722Z\",\"LastSuccessEndTime\":\"2026-01-26T03:46:18.2937722Z\",\"Complete\":true,\"IsTemporary\":false,\"IsReadOnly\":true,\"SiteName\":\"finanzia\",\"HostName\":\"finanzia.scm.azurewebsites.net\",\"ProjectType\":\"NODE.JS\",\"VsProjectId\":null}"}