<step title="BackgroundTrace" date="2026-01-26T04:44:06.952" instance="9210fd" url="/api/zipdeploy" method="POST" >
  <step title="Creating temporary deployment - FetchDeploymentManager" date="2026-01-26T04:44:07.133" /><!-- duration: 1ms -->
  <step title="Creating temporary deployment" date="2026-01-26T04:44:07.136" /><!-- duration: 39ms -->
  <step title="Performing fetch based deployment" date="2026-01-26T04:44:07.265" >
    <step title="Cleaning up temp folders from previous zip deployments and extracting pushed zip file /tmp/zipdeploy/f95fc450-5fff-4051-a799-ac78f3e02b9e.zip (1.23 MB) to /tmp/zipdeploy/extracted" date="2026-01-26T04:44:08.448" >
      <step title="ChmodRecursive Process exited with total time taken in ms: 99" date="2026-01-26T04:44:10.755" /><!-- duration: 14ms -->
    </step><!-- duration: 2324ms -->
    <step title="Deployment timer started" date="2026-01-26T04:44:12.780" >
      <step title="DeploymentManager.Deploy(id:cbb2fbe8-8002-4971-a3ca-73fd8ca824dd)" date="2026-01-26T04:44:12.833" >
        <step title="Collecting changeset information" date="2026-01-26T04:44:12.841" /><!-- duration: 82ms -->
        <step title="Updating submodules" date="2026-01-26T04:44:12.926" /><!-- duration: 1134ms -->
        <step title="Determining deployment builder" date="2026-01-26T04:44:14.327" >
          <step title="Builder is OryxBuilder" date="2026-01-26T04:44:14.334" /><!-- duration: 2ms -->
        </step><!-- duration: 11ms -->
        <step title="PreDeployment: context.CleanOutputPath False" date="2026-01-26T04:44:14.397" >
          <step title="PreDeployment: context.OutputPath /home/site/wwwroot" date="2026-01-26T04:44:14.530" >
            <step title="Building" date="2026-01-26T04:44:14.648" >
              <step title="Executing external process" date="2026-01-26T04:44:14.922" type="process" path="bash" arguments="-c &quot;oryx build /tmp/zipdeploy/extracted -o /home/site/wwwroot --platform nodejs --platform-version 20 -p virtualenv_name= --log-file /tmp/build-debug.log  -i /tmp/8de5c958e799e93 -p compress_node_modules=tar-gz | tee /tmp/oryx-build.log ; exit $PIPESTATUS &quot;" >
                <step title="Cpu: npm install(979,20.530s)+build.sh(886,0.090s)+oryx(863,9.590s)+tee(864,0.000s)+bash(862,0.000s)=total(30.210s)" date="2026-01-26T04:45:46.680" /><!-- duration: 20ms -->
                <step title="bash: no io activity for 61s, prev-cpu=-1.000s, current-cpu=30.210s" date="2026-01-26T04:45:46.721" /><!-- duration: 18ms -->
              </step><!-- duration: 151229ms -->
              <step title="Using GenericDeploymentLogParser" date="2026-01-26T04:46:46.623" /><!-- duration: 2ms -->
              <step title="Triggering recycle (preview mode disabled)." date="2026-01-26T04:46:47.750" /><!-- duration: 9ms -->
              <step title="Modified file to trigger a restart of the app container." date="2026-01-26T04:46:47.779" /><!-- duration: 1ms -->
              <step title="Skip function trigger and logicapp sync because function is not enabled." date="2026-01-26T04:46:47.798" /><!-- duration: 11ms -->
            </step><!-- duration: 153868ms -->
          </step><!-- duration: 153988ms -->
          <step title="Cleaning up temp files" date="2026-01-26T04:46:48.520" /><!-- duration: 2008ms -->
          <step title="Cleaning up temp files" date="2026-01-26T04:46:50.536" /><!-- duration: 547ms -->
          <step title="Reloading status file with latest updates" date="2026-01-26T04:46:51.236" >
            <step title="WebHooksManager.PublishEventAsync: PostDeployment" date="2026-01-26T04:46:51.296" /><!-- duration: 857ms -->
          </step><!-- duration: 927ms -->
          <step title="Cleaning up temporary deployment - fetch deployment was successful" date="2026-01-26T04:46:52.171" /><!-- duration: 82ms -->
        </step><!-- duration: 158026ms -->
      </step><!-- duration: 159615ms -->
