<step title="Incoming Request" date="2026-01-26T04:15:38.665" instance="9be4b8" url="/api/zipdeploy?isAsync=true" method="POST" type="request" pid="831,1,7" Accept="*/*" Host="finanzia.scm.azurewebsites.net" User-Agent="AZURECLI/2.80.0 (MSI)" Accept-Encoding="gzip, deflate" Authorization="Bea..." Cache-Control="no-cache" Content-Type="application/octet-stream" Content-Length="1294180" x-ms-client-request-id="9f1f8e5c-fa6d-11f0-b797-68c6ac7eabed" x-ms-artifact-checksum="b6b14f91886cff3814b13af0e220e9720dbcad4cab24021c82a4e5c40065bd9f" X-ARR-LOG-ID="9f1f8e5c-fa6d-11f0-b797-68c6ac7eabed" CLIENT-IP="190.150.168.172:32903" X-SITE-DEPLOYMENT-ID="finanzia" WAS-DEFAULT-HOSTNAME="finanzia.scm.azurewebsites.net" X-Forwarded-Proto="https" X-AppService-Proto="https" X-Forwarded-TlsVersion="1.3" X-WAWS-Unencoded-URL="/api/zipdeploy?isAsync=true" X-Client-IP="190.150.168.172" X-Client-Port="32903" >
  <step title="Cleanup Xml Logs" date="2026-01-26T04:15:38.669" /><!-- duration: 8ms -->
  <step title="ZipPushDeploy" date="2026-01-26T04:15:38.775" >
    <step title="ZipDeploy. Extract zip. Remote build." date="2026-01-26T04:15:38.790" /><!-- duration: 12ms -->
    <step title="Starting PushDeployAsync" date="2026-01-26T04:15:38.811" /><!-- duration: 10ms -->
    <step title="Writing artifact to /tmp/zipdeploy/844ce144-e4c3-4501-9dbe-1107bc09f3fb.zip" date="2026-01-26T04:15:38.838" >
      <step title="Writing multipart request body to /tmp/zipdeploy/844ce144-e4c3-4501-9dbe-1107bc09f3fb.zip" date="2026-01-26T04:15:38.843" /><!-- duration: 6ms -->
    </step><!-- duration: 78ms -->
    <step title="Start deployment in the background" date="2026-01-26T04:15:38.926" >
      <step title="Acquiring Deployment Lock" date="2026-01-26T04:15:38.937" /><!-- duration: 4ms -->
      <step title="Acquired Deployment Lock" date="2026-01-26T04:15:38.971" /><!-- duration: 4ms -->
    </step><!-- duration: 135ms -->
  </step><!-- duration: 298ms -->
  <step title="Outgoing response" date="2026-01-26T04:15:39.079" type="response" statusCode="202" statusText="Accepted" /><!-- duration: 3ms -->
</step><!-- duration: 420ms -->
