﻿<?xml version="1.0" encoding="utf-8"?>
<deployment>
  <id>cbb2fbe8-8002-4971-a3ca-73fd8ca824dd</id>
  <author>N/A</author>
  <deployer>Push-Deployer</deployer>
  <authorEmail>N/A</authorEmail>
  <message>Created via a push deployment</message>
  <progress></progress>
  <status>Success</status>
  <statusText></statusText>
  <lastSuccessEndTime>2026-01-26T04:46:48.1447565Z</lastSuccessEndTime>
  <receivedTime>2026-01-26T04:44:12.861942Z</receivedTime>
  <startTime>2026-01-26T04:44:14.2429271Z</startTime>
  <endTime>2026-01-26T04:46:48.1447565Z</endTime>
  <complete>True</complete>
  <is_temp>False</is_temp>
  <is_readonly>True</is_readonly>
  <buildSummary />
</deployment>