﻿<?xml version="1.0" encoding="utf-8"?>
<deployment>
  <id>03a35c94-5e45-41c6-9696-336b49e96bf3</id>
  <author>N/A</author>
  <deployer>Push-Deployer</deployer>
  <authorEmail>N/A</authorEmail>
  <message>Created via a push deployment</message>
  <progress></progress>
  <status>Success</status>
  <statusText></statusText>
  <lastSuccessEndTime>2026-01-26T04:16:59.1127075Z</lastSuccessEndTime>
  <receivedTime>2026-01-26T04:15:43.5882243Z</receivedTime>
  <startTime>2026-01-26T04:15:44.9354094Z</startTime>
  <endTime>2026-01-26T04:16:59.1127075Z</endTime>
  <complete>True</complete>
  <is_temp>False</is_temp>
  <is_readonly>True</is_readonly>
  <buildSummary />
</deployment>