﻿<?xml version="1.0" encoding="utf-8"?>
<deployment>
  <id>cd9d08526fc24d22a475dfd930088d9a</id>
  <author>N/A</author>
  <deployer>OneDeploy</deployer>
  <authorEmail>N/A</authorEmail>
  <message>OneDeploy</message>
  <progress></progress>
  <status>Success</status>
  <statusText></statusText>
  <lastSuccessEndTime>2026-01-26T02:51:00.9228051Z</lastSuccessEndTime>
  <receivedTime>2026-01-26T02:50:49.2760407Z</receivedTime>
  <startTime>2026-01-26T02:50:49.4322312Z</startTime>
  <endTime>2026-01-26T02:51:00.9228051Z</endTime>
  <complete>True</complete>
  <is_temp>False</is_temp>
  <is_readonly>True</is_readonly>
  <project_type>OneDeploy</project_type>
  <vsproject_id></vsproject_id>
</deployment>