<step title="Incoming Request" date="2026-01-26T03:52:31.523" instance="a6e48b" url="/api/publish?type=zip&amp;async=True" method="POST" type="request" pid="13164,2,17" Cache-Control="no-cache" Content-Length="1295719" Content-Type="application/octet-stream" Accept="*/*" Accept-Encoding="gzip, deflate" Authorization="Bea..." Host="finanzia.scm.azurewebsites.net" User-Agent="AZURECLI/2.80.0 (MSI)" x-ms-client-request-id="68da2c59-fa6a-11f0-8f5f-68c6ac7eabed" X-ARR-LOG-ID="68da2c59-fa6a-11f0-8f5f-68c6ac7eabed" CLIENT-IP="190.150.168.172:16239" X-SITE-DEPLOYMENT-ID="finanzia" WAS-DEFAULT-HOSTNAME="finanzia.scm.azurewebsites.net" X-Forwarded-Proto="https" X-AppService-Proto="https" X-Forwarded-TlsVersion="1.3" X-WAWS-Unencoded-URL="/api/publish?type=zip&amp;async=True" >
  <step title="Cleanup Xml Logs" date="2026-01-26T03:52:31.539" /><!-- duration: 0ms -->
  <step title="OneDeploy" date="2026-01-26T03:52:31.555" >
    <step title="Starting PushDeployAsync" date="2026-01-26T03:52:31.570" /><!-- duration: 0ms -->
    <step title="Updating shutdown sentinel last write time" date="2026-01-26T03:52:31.586" SemaphoreCount="7" /><!-- duration: 0ms -->
    <step title="LockFile &apos;C:\home\site\locks\deployments.lock&apos; acquired" date="2026-01-26T03:52:31.602" /><!-- duration: 16ms -->
    <step title="Saving request content to C:\local\Temp\zipdeploy\ftkuh02f.zip" date="2026-01-26T03:52:31.617" >
      <step title="Total 1,295,719 bytes written to C:\local\Temp\zipdeploy\ftkuh02f.zip" date="2026-01-26T03:52:31.633" /><!-- duration: 0ms -->
    </step><!-- duration: 16ms -->
    <step title="LockFile &apos;C:\home\site\locks\deployments.lock&apos; released" date="2026-01-26T03:52:31.648" /><!-- duration: 0ms -->
    <step title="Deleting shutdown sentinel file" date="2026-01-26T03:52:31.664" SemaphoreCount="8" /><!-- duration: 0ms -->
    <step title="Starting FetchDeploy" date="2026-01-26T03:52:31.680" /><!-- duration: 0ms -->
    <step title="Start deployment in the background" date="2026-01-26T03:52:31.680" /><!-- duration: 78ms -->
  </step><!-- duration: 203ms -->
  <step title="Outgoing response" date="2026-01-26T03:52:31.758" type="response" statusCode="202" statusText="Accepted" Server="Microsoft-IIS/10.0" x-ms-request-id="68da2c59-fa6a-11f0-8f5f-68c6ac7eabed" Retry-After="30" Cache-Control="private" X-AspNet-Version="4.0.30319" Location="https://finanzia.scm.azurewebsites.net/api/deployments/latest?deployer=OneDeploy&amp;time=2026-01-26_03-52-31Z" /><!-- duration: 16ms -->
</step><!-- duration: 250ms -->
