<step title="Incoming Request" date="2026-01-26T03:17:48.637" instance="a6e48b" url="/api/publish?type=zip&amp;async=True" method="POST" type="request" pid="11792,2,8" Cache-Control="no-cache" Content-Length="70426443" Content-Type="application/octet-stream" Accept="*/*" Accept-Encoding="gzip, deflate" Authorization="Bea..." Host="finanzia.scm.azurewebsites.net" User-Agent="AZURECLI/2.80.0 (MSI)" x-ms-client-request-id="8e4e4639-fa65-11f0-a711-68c6ac7eabed" X-ARR-LOG-ID="8e4e4639-fa65-11f0-a711-68c6ac7eabed" CLIENT-IP="190.150.168.172:6750" X-SITE-DEPLOYMENT-ID="finanzia" WAS-DEFAULT-HOSTNAME="finanzia.scm.azurewebsites.net" X-Forwarded-Proto="https" X-AppService-Proto="https" X-Forwarded-TlsVersion="1.3" X-WAWS-Unencoded-URL="/api/publish?type=zip&amp;async=True" >
  <step title="OneDeploy" date="2026-01-26T03:17:48.871" >
    <step title="Starting PushDeployAsync" date="2026-01-26T03:17:48.903" /><!-- duration: 0ms -->
    <step title="Updating shutdown sentinel last write time" date="2026-01-26T03:17:48.934" SemaphoreCount="7" /><!-- duration: 0ms -->
    <step title="LockFile &apos;C:\home\site\locks\deployments.lock&apos; acquired" date="2026-01-26T03:17:48.950" /><!-- duration: 0ms -->
    <step title="Saving request content to C:\local\Temp\zipdeploy\pdjwlyx5.zip" date="2026-01-26T03:17:48.965" >
      <step title="Total 70,426,443 bytes written to C:\local\Temp\zipdeploy\pdjwlyx5.zip" date="2026-01-26T03:18:15.325" /><!-- duration: 16ms -->
    </step><!-- duration: 26375ms -->
    <step title="LockFile &apos;C:\home\site\locks\deployments.lock&apos; released" date="2026-01-26T03:18:15.341" /><!-- duration: 16ms -->
    <step title="Deleting shutdown sentinel file" date="2026-01-26T03:18:15.356" SemaphoreCount="8" /><!-- duration: 16ms -->
    <step title="Starting FetchDeploy" date="2026-01-26T03:18:15.372" /><!-- duration: 16ms -->
    <step title="Start deployment in the background" date="2026-01-26T03:18:15.387" /><!-- duration: 109ms -->
  </step><!-- duration: 26625ms -->
  <step title="Outgoing response" date="2026-01-26T03:18:15.512" type="response" statusCode="202" statusText="Accepted" Server="Microsoft-IIS/10.0" x-ms-request-id="8e4e4639-fa65-11f0-a711-68c6ac7eabed" Retry-After="30" Cache-Control="private" X-AspNet-Version="4.0.30319" Location="https://finanzia.scm.azurewebsites.net/api/deployments/latest?deployer=OneDeploy&amp;time=2026-01-26_03-18-15Z" /><!-- duration: 0ms -->
</step><!-- duration: 26891ms -->
