<step title="BackgroundTrace" date="2026-01-26T03:18:15.387" instance="a6e48b" url="/api/publish" method="POST" >
  <step title="Cleanup Xml Logs" date="2026-01-26T03:18:15.403" /><!-- duration: 0ms -->
  <step title="Updating shutdown sentinel last write time" date="2026-01-26T03:18:15.419" SemaphoreCount="7" /><!-- duration: 0ms -->
  <step title="LockFile &apos;C:\home\site\locks\deployments.lock&apos; acquired" date="2026-01-26T03:18:15.434" /><!-- duration: 0ms -->
  <step title="Creating temporary deployment" date="2026-01-26T03:18:15.434" /><!-- duration: 63ms -->
  <step title="Performing fetch based deployment" date="2026-01-26T03:18:15.497" >
    <step title="Fetching changes." date="2026-01-26T03:18:15.575" /><!-- duration: 16ms -->
    <step title="Starting LocalZipHandler" date="2026-01-26T03:18:15.591" /><!-- duration: 16ms -->
    <step title="Cleaning up temp folders from previous zip deployments and extracting pushed zip file C:\local\Temp\zipdeploy\pdjwlyx5.zip (67.16 MB) to C:\local\Temp\zipdeploy\extracted" date="2026-01-26T03:18:15.622" /><!-- duration: 16ms -->
    <step title="Cleaning up temp folders from previous zip deployments and extracting pushed zip file C:\local\Temp\zipdeploy\pdjwlyx5.zip (67.16 MB) to C:\local\Temp\zipdeploy\extracted" date="2026-01-26T03:18:15.637" >
      <step title="Renaming extractTargetDirectory(C:\local\Temp\zipdeploy\extracted) to tempDirectory(C:\local\Temp\zipdeploy\zhcxoqa1.ji2)" date="2026-01-26T03:18:15.637" /><!-- duration: 16ms -->
      <step title="Extracting 32688 entries to C:\local\Temp\zipdeploy\extracted directory" date="2026-01-26T03:18:15.872" >
        <step title="Extracting to C:\local\Temp\zipdeploy\extracted\dist\tsconfig.tsbuildinfo ..." date="2026-01-26T03:18:15.872" /><!-- duration: 16ms -->
        <step title="Extracting to C:\local\Temp\zipdeploy\extracted\dist\scripts\fix-users-to-int.d.ts ..." date="2026-01-26T03:18:15.903" /><!-- duration: 0ms -->
        <step title="Extracting to C:\local\Temp\zipdeploy\extracted\dist\scripts\fix-users-to-int.js ..." date="2026-01-26T03:18:15.903" /><!-- duration: 16ms -->
        <step title="Extracting to C:\local\Temp\zipdeploy\extracted\dist\scripts\fix-users-to-int.js.map ..." date="2026-01-26T03:18:15.919" /><!-- duration: 0ms -->
        <step title="Extracting to C:\local\Temp\zipdeploy\extracted\dist\src\app.module.d.ts ..." date="2026-01-26T03:18:15.934" /><!-- duration: 0ms -->
        <step title="Omitting extracting file traces ..." date="2026-01-26T03:18:15.934" /><!-- duration: 16ms -->
      </step><!-- duration: 20833ms -->
    </step><!-- duration: 21083ms -->
    <step title="Before sending BuildRequestReceived status to /api/updatedeploystatus" date="2026-01-26T03:18:36.720" /><!-- duration: 0ms -->
    <step title="DeploymentManager.Deploy(id:2bc4a97121534c1985431b6d5bf372c1)" date="2026-01-26T03:18:36.736" >
      <step title="Collecting changeset information" date="2026-01-26T03:18:36.751" /><!-- duration: 31ms -->
      <step title="Updating submodules" date="2026-01-26T03:18:36.783" >
        <step title="Updating submodules." date="2026-01-26T03:18:36.830" /><!-- duration: 16ms -->
      </step><!-- duration: 63ms -->
      <step title="Preparing deployment for commit id &apos;2bc4a97121&apos;." date="2026-01-26T03:18:36.908" /><!-- duration: 0ms -->
      <step title="Determining deployment builder" date="2026-01-26T03:18:36.939" >
        <step title="Builder is OneDeployBuilder" date="2026-01-26T03:18:36.955" /><!-- duration: 0ms -->
      </step><!-- duration: 16ms -->
      <step title="Copying SSH keys" date="2026-01-26T03:18:36.986" /><!-- duration: 0ms -->
      <step title="Building" date="2026-01-26T03:18:36.986" >
        <step title="Running build. Project type: OneDeploy" date="2026-01-26T03:18:37.033" /><!-- duration: 16ms -->
        <step title="Copying the manifest" date="2026-01-26T03:18:37.095" /><!-- duration: 0ms -->
        <step title="Clean deploying to C:\home\site\wwwroot" date="2026-01-26T03:18:37.142" /><!-- duration: 16ms -->
        <step title="Generating deployment script." date="2026-01-26T03:18:37.189" /><!-- duration: 16ms -->
        <step title="Generating deployment script" date="2026-01-26T03:18:37.205" >
          <step title="Using the following command to generate deployment script: &apos;azure site deploymentscript -y --no-dot-deployment -r &quot;C:\local\Temp\zipdeploy\extracted&quot; -o &quot;C:\home\site\deployments\tools&quot; --basic --sitePath &quot;C:\local\Temp\zipdeploy\extracted&quot;&apos;." date="2026-01-26T03:18:37.267" /><!-- duration: 0ms -->
          <step title="Executing external process" date="2026-01-26T03:18:37.283" type="process" path="starter.cmd" arguments="&quot;C:\Program Files (x86)\SiteExtensions\Kudu\2025.11.1.1\bin\node_modules\.bin\kuduscript.cmd&quot; -y --no-dot-deployment -r &quot;C:\local\Temp\zipdeploy\extracted&quot; -o &quot;C:\home\site\deployments\tools&quot; --basic --sitePath &quot;C:\local\Temp\zipdeploy\extracted&quot;" >
            <step title="Generating deployment script for Web Site" date="2026-01-26T03:18:37.408" /><!-- duration: 16ms -->
            <step title="Generated deployment script files" date="2026-01-26T03:18:37.439" /><!-- duration: 0ms -->
          </step><!-- duration: 156ms -->
          <step title="Saved cached version of the deployment script for command -y --no-dot-deployment -r &quot;C:\local\Temp\zipdeploy\extracted&quot; -o &quot;C:\home\site\deployments\tools&quot; --basic --sitePath &quot;C:\local\Temp\zipdeploy\extracted&quot;" date="2026-01-26T03:18:37.455" /><!-- duration: 16ms -->
        </step><!-- duration: 266ms -->
        <step title="Running deployment command..." date="2026-01-26T03:18:37.501" /><!-- duration: 0ms -->
        <step title="Command: &quot;C:\home\site\deployments\tools\deploy.cmd&quot;" date="2026-01-26T03:18:37.517" /><!-- duration: 0ms -->
        <step title="Executing external process" date="2026-01-26T03:18:37.533" type="process" path="starter.cmd" arguments="&quot;C:\home\site\deployments\tools\deploy.cmd&quot;" >
          <step title="Handling Basic Web Site deployment." date="2026-01-26T03:18:37.642" /><!-- duration: 16ms -->
          <step title="Creating app_offline.htm" date="2026-01-26T03:18:38.173" /><!-- duration: 16ms -->
          <step title="KuduSync.NET from: &apos;C:\local\Temp\zipdeploy\extracted&apos; to: &apos;C:\home\site\wwwroot&apos;" date="2026-01-26T03:18:38.189" /><!-- duration: 16ms -->
          <step title="Deleting file: &apos;package-lock.json&apos;" date="2026-01-26T03:18:38.205" /><!-- duration: 0ms -->
          <step title="Copying file: &apos;node_modules\.package-lock.json&apos;" date="2026-01-26T03:18:38.220" /><!-- duration: 0ms -->
          <step title="Copying file: &apos;node_modules\.bin\acorn&apos;" date="2026-01-26T03:18:38.236" /><!-- duration: 0ms -->
          <step title="Copying file: &apos;node_modules\.bin\acorn.cmd&apos;" date="2026-01-26T03:18:38.252" /><!-- duration: 0ms -->
          <step title="Copying file: &apos;node_modules\.bin\acorn.ps1&apos;" date="2026-01-26T03:18:38.252" /><!-- duration: 16ms -->
          <step title="Copying file: &apos;node_modules\.bin\baseline-browser-mapping&apos;" date="2026-01-26T03:18:38.267" /><!-- duration: 0ms -->
          <step title="Copying file: &apos;node_modules\.bin\baseline-browser-mapping.cmd&apos;" date="2026-01-26T03:18:38.283" /><!-- duration: 0ms -->
          <step title="Copying file: &apos;node_modules\.bin\baseline-browser-mapping.ps1&apos;" date="2026-01-26T03:18:38.298" /><!-- duration: 0ms -->
          <step title="Copying file: &apos;node_modules\.bin\browserslist&apos;" date="2026-01-26T03:18:38.314" /><!-- duration: 0ms -->
          <step title="Copying file: &apos;node_modules\.bin\browserslist.cmd&apos;" date="2026-01-26T03:18:38.330" /><!-- duration: 0ms -->
          <step title="Copying file: &apos;node_modules\.bin\browserslist.ps1&apos;" date="2026-01-26T03:18:38.345" /><!-- duration: 0ms -->
          <step title="Copying file: &apos;node_modules\.bin\color-support&apos;" date="2026-01-26T03:18:38.361" /><!-- duration: 0ms -->
          <step title="Copying file: &apos;node_modules\.bin\color-support.cmd&apos;" date="2026-01-26T03:18:38.377" /><!-- duration: 0ms -->
          <step title="Copying file: &apos;node_modules\.bin\color-support.ps1&apos;" date="2026-01-26T03:18:38.392" /><!-- duration: 0ms -->
          <step title="Copying file: &apos;node_modules\.bin\create-jest&apos;" date="2026-01-26T03:18:38.392" /><!-- duration: 16ms -->
          <step title="Copying file: &apos;node_modules\.bin\create-jest.cmd&apos;" date="2026-01-26T03:18:38.408" /><!-- duration: 16ms -->
          <step title="Copying file: &apos;node_modules\.bin\create-jest.ps1&apos;" date="2026-01-26T03:18:38.423" /><!-- duration: 0ms -->
          <step title="Copying file: &apos;node_modules\.bin\eslint&apos;" date="2026-01-26T03:18:38.439" /><!-- duration: 0ms -->
          <step title="Copying file: &apos;node_modules\.bin\eslint-config-prettier&apos;" date="2026-01-26T03:18:38.455" /><!-- duration: 0ms -->
          <step title="Copying file: &apos;node_modules\.bin\eslint-config-prettier.cmd&apos;" date="2026-01-26T03:18:38.470" /><!-- duration: 0ms -->
          <step title="Copying file: &apos;node_modules\.bin\eslint-config-prettier.ps1&apos;" date="2026-01-26T03:18:38.486" /><!-- duration: 0ms -->
          <step title="Copying file: &apos;node_modules\.bin\eslint.cmd&apos;" date="2026-01-26T03:18:38.502" /><!-- duration: 0ms -->
          <step title="Copying file: &apos;node_modules\.bin\eslint.ps1&apos;" date="2026-01-26T03:18:38.517" /><!-- duration: 0ms -->
          <step title="Copying file: &apos;node_modules\.bin\esparse&apos;" date="2026-01-26T03:18:38.517" /><!-- duration: 16ms -->
          <step title="Copying file: &apos;node_modules\.bin\esparse.cmd&apos;" date="2026-01-26T03:18:38.533" /><!-- duration: 16ms -->
          <step title="Copying file: &apos;node_modules\.bin\esparse.ps1&apos;" date="2026-01-26T03:18:38.548" /><!-- duration: 0ms -->
          <step title="Copying file: &apos;node_modules\.bin\esvalidate&apos;" date="2026-01-26T03:18:38.564" /><!-- duration: 0ms -->
          <step title="Copying file: &apos;node_modules\.bin\esvalidate.cmd&apos;" date="2026-01-26T03:18:38.580" /><!-- duration: 0ms -->
          <step title="Copying file: &apos;node_modules\.bin\esvalidate.ps1&apos;" date="2026-01-26T03:18:38.595" /><!-- duration: 0ms -->
          <step title="Copying file: &apos;node_modules\.bin\glob&apos;" date="2026-01-26T03:18:38.595" /><!-- duration: 16ms -->
          <step title="Copying file: &apos;node_modules\.bin\glob.cmd&apos;" date="2026-01-26T03:18:38.611" /><!-- duration: 0ms -->
          <step title="Copying file: &apos;node_modules\.bin\glob.ps1&apos;" date="2026-01-26T03:18:38.627" /><!-- duration: 0ms -->
          <step title="Copying file: &apos;node_modules\.bin\handlebars&apos;" date="2026-01-26T03:18:38.642" /><!-- duration: 0ms -->
          <step title="Copying file: &apos;node_modules\.bin\handlebars.cmd&apos;" date="2026-01-26T03:18:38.658" /><!-- duration: 0ms -->
          <step title="Copying file: &apos;node_modules\.bin\handlebars.ps1&apos;" date="2026-01-26T03:18:38.658" /><!-- duration: 16ms -->
          <step title="Copying file: &apos;node_modules\.bin\import-local-fixture&apos;" date="2026-01-26T03:18:38.673" /><!-- duration: 16ms -->
          <step title="Copying file: &apos;node_modules\.bin\import-local-fixture.cmd&apos;" date="2026-01-26T03:18:38.689" /><!-- duration: 0ms -->
          <step title="Copying file: &apos;node_modules\.bin\import-local-fixture.ps1&apos;" date="2026-01-26T03:18:38.705" /><!-- duration: 0ms -->
          <step title="Copying file: &apos;node_modules\.bin\jest&apos;" date="2026-01-26T03:18:38.752" /><!-- duration: 0ms -->
          <step title="Copying file: &apos;node_modules\.bin\jest.cmd&apos;" date="2026-01-26T03:18:38.752" /><!-- duration: 16ms -->
          <step title="Copying file: &apos;node_modules\.bin\jest.ps1&apos;" date="2026-01-26T03:18:38.767" /><!-- duration: 0ms -->
          <step title="Copying file: &apos;node_modules\.bin\js-yaml&apos;" date="2026-01-26T03:18:38.783" /><!-- duration: 0ms -->
          <step title="Copying file: &apos;node_modules\.bin\js-yaml.cmd&apos;" date="2026-01-26T03:18:38.798" /><!-- duration: 0ms -->
          <step title="Copying file: &apos;node_modules\.bin\js-yaml.ps1&apos;" date="2026-01-26T03:18:38.798" /><!-- duration: 16ms -->
          <step title="Copying file: &apos;node_modules\.bin\jsesc&apos;" date="2026-01-26T03:18:38.814" /><!-- duration: 16ms -->
          <step title="Copying file: &apos;node_modules\.bin\jsesc.cmd&apos;" date="2026-01-26T03:18:38.861" /><!-- duration: 16ms -->
          <step title="Copying file: &apos;node_modules\.bin\jsesc.ps1&apos;" date="2026-01-26T03:18:38.877" /><!-- duration: 0ms -->
          <step title="Copying file: &apos;node_modules\.bin\json5&apos;" date="2026-01-26T03:18:38.892" /><!-- duration: 0ms -->
          <step title="Omitting next output lines..." date="2026-01-26T03:18:38.908" /><!-- duration: 0ms -->
          <step title="Processed 2454 files..." date="2026-01-26T03:18:58.413" /><!-- duration: 0ms -->
          <step title="Processed 4785 files..." date="2026-01-26T03:19:18.415" /><!-- duration: 16ms -->
          <step title="Processed 6725 files..." date="2026-01-26T03:19:38.419" /><!-- duration: 0ms -->
          <step title="Processed 8703 files..." date="2026-01-26T03:19:58.421" /><!-- duration: 16ms -->
          <step title="Processed 10732 files..." date="2026-01-26T03:20:18.423" /><!-- duration: 0ms -->
          <step title="Processed 12888 files..." date="2026-01-26T03:20:38.427" /><!-- duration: 0ms -->
          <step title="Processed 14555 files..." date="2026-01-26T03:20:58.432" /><!-- duration: 0ms -->
          <step title="Processed 16645 files..." date="2026-01-26T03:21:18.435" /><!-- duration: 0ms -->
          <step title="Processed 18460 files..." date="2026-01-26T03:21:38.438" /><!-- duration: 16ms -->
          <step title="Processed 20407 files..." date="2026-01-26T03:21:58.449" /><!-- duration: 16ms -->
          <step title="Processed 22411 files..." date="2026-01-26T03:22:18.467" /><!-- duration: 0ms -->
          <step title="Processed 24573 files..." date="2026-01-26T03:22:38.470" /><!-- duration: 0ms -->
          <step title="Processed 26457 files..." date="2026-01-26T03:22:58.473" /><!-- duration: 0ms -->
          <step title="Processed 28481 files..." date="2026-01-26T03:23:18.475" /><!-- duration: 0ms -->
          <step title="Processed 30432 files..." date="2026-01-26T03:23:38.479" /><!-- duration: 0ms -->
          <step title="Finished successfully." date="2026-01-26T03:23:51.060" /><!-- duration: 16ms -->
        </step><!-- duration: 313542ms -->
        <step title="Build completed succesfully." date="2026-01-26T03:23:51.122" /><!-- duration: 16ms -->
        <step title="Running post deployment command(s)..." date="2026-01-26T03:23:51.185" /><!-- duration: 0ms -->
        <step title="Requesting site restart" date="2026-01-26T03:23:51.247" /><!-- duration: 0ms -->
        <step title="Requesting site restart" date="2026-01-26T03:23:51.263" /><!-- duration: 0ms -->
        <step title="Requesting site restart. Attempt #1" date="2026-01-26T03:23:51.310" /><!-- duration: 16ms -->
        <step title="Requesting site restart. Attempt #1" date="2026-01-26T03:23:51.325" /><!-- duration: 0ms -->
        <step title="Successfully requested a restart. Attempt #1" date="2026-01-26T03:23:51.653" /><!-- duration: 0ms -->
        <step title="Successfully requested a restart. Attempt #1" date="2026-01-26T03:23:51.669" /><!-- duration: 0ms -->
        <step title="Deployment successful. DEPLOYMENTINFO: deploymentPath = OneDeploy, deployer = OneDeploy, os = windows, sku = Free, siteName = finanzia, siteHostName = finanzia.azurewebsites.net, deploymentStatus = Success" date="2026-01-26T03:23:51.716" /><!-- duration: 16ms -->
      </step><!-- duration: 314839ms -->
    </step><!-- duration: 315105ms -->
    <step title="Cleaning up temp files" date="2026-01-26T03:23:51.841" /><!-- duration: 16ms -->
    <step title="Skip function trigger and logicapp sync because function is not enabled." date="2026-01-26T03:23:51.857" /><!-- duration: 16ms -->
  </step><!-- duration: 336407ms -->
  <step title="LockFile &apos;C:\home\site\locks\deployments.lock&apos; released" date="2026-01-26T03:23:51.903" /><!-- duration: 0ms -->
  <step title="Deleting shutdown sentinel file" date="2026-01-26T03:23:51.919" SemaphoreCount="8" /><!-- duration: 0ms -->
</step><!-- duration: 336532ms -->
