<step title="BackgroundTrace" date="2026-01-26T03:52:31.695" instance="a6e48b" url="/api/publish" method="POST" >
  <step title="Updating shutdown sentinel last write time" date="2026-01-26T03:52:31.695" SemaphoreCount="7" /><!-- duration: 16ms -->
  <step title="LockFile &apos;C:\home\site\locks\deployments.lock&apos; acquired" date="2026-01-26T03:52:31.711" /><!-- duration: 0ms -->
  <step title="Creating temporary deployment" date="2026-01-26T03:52:31.727" /><!-- duration: 31ms -->
  <step title="Performing fetch based deployment" date="2026-01-26T03:52:31.758" >
    <step title="Fetching changes." date="2026-01-26T03:52:31.789" /><!-- duration: 16ms -->
    <step title="Starting LocalZipHandler" date="2026-01-26T03:52:31.805" /><!-- duration: 16ms -->
    <step title="Cleaning up temp folders from previous zip deployments and extracting pushed zip file C:\local\Temp\zipdeploy\ftkuh02f.zip (1.24 MB) to C:\local\Temp\zipdeploy\extracted" date="2026-01-26T03:52:31.836" /><!-- duration: 16ms -->
    <step title="Cleaning up temp folders from previous zip deployments and extracting pushed zip file C:\local\Temp\zipdeploy\ftkuh02f.zip (1.24 MB) to C:\local\Temp\zipdeploy\extracted" date="2026-01-26T03:52:31.852" >
      <step title="Renaming extractTargetDirectory(C:\local\Temp\zipdeploy\extracted) to tempDirectory(C:\local\Temp\zipdeploy\3z35wkqo.ygm)" date="2026-01-26T03:52:31.852" /><!-- duration: 16ms -->
      <step title="Extracting 854 entries to C:\local\Temp\zipdeploy\extracted directory" date="2026-01-26T03:52:31.867" >
        <step title="Extracting to C:\local\Temp\zipdeploy\extracted\dist\tsconfig.tsbuildinfo ..." date="2026-01-26T03:52:31.883" /><!-- duration: 0ms -->
        <step title="Extracting to C:\local\Temp\zipdeploy\extracted\dist\scripts\fix-users-to-int.d.ts ..." date="2026-01-26T03:52:31.898" /><!-- duration: 0ms -->
        <step title="Extracting to C:\local\Temp\zipdeploy\extracted\dist\scripts\fix-users-to-int.js ..." date="2026-01-26T03:52:31.898" /><!-- duration: 16ms -->
        <step title="Extracting to C:\local\Temp\zipdeploy\extracted\dist\scripts\fix-users-to-int.js.map ..." date="2026-01-26T03:52:31.914" /><!-- duration: 0ms -->
        <step title="Extracting to C:\local\Temp\zipdeploy\extracted\dist\src\app.module.d.ts ..." date="2026-01-26T03:52:31.930" /><!-- duration: 0ms -->
        <step title="Omitting extracting file traces ..." date="2026-01-26T03:52:31.930" /><!-- duration: 16ms -->
      </step><!-- duration: 625ms -->
    </step><!-- duration: 641ms -->
    <step title="Before sending BuildRequestReceived status to /api/updatedeploystatus" date="2026-01-26T03:52:32.508" /><!-- duration: 0ms -->
    <step title="DeploymentManager.Deploy(id:3163430a85a84bfa96c52879d7fd4f2a)" date="2026-01-26T03:52:32.539" >
      <step title="Collecting changeset information" date="2026-01-26T03:52:32.539" /><!-- duration: 62ms -->
      <step title="Updating submodules" date="2026-01-26T03:52:32.618" >
        <step title="Updating submodules." date="2026-01-26T03:52:32.664" /><!-- duration: 0ms -->
      </step><!-- duration: 47ms -->
      <step title="Preparing deployment for commit id &apos;3163430a85&apos;." date="2026-01-26T03:52:32.711" /><!-- duration: 16ms -->
      <step title="Determining deployment builder" date="2026-01-26T03:52:32.758" >
        <step title="UseMSBuild16: True" date="2026-01-26T03:52:32.774" /><!-- duration: 0ms -->
        <step title="Builder is NodeSiteBuilder" date="2026-01-26T03:52:32.805" /><!-- duration: 0ms -->
      </step><!-- duration: 47ms -->
      <step title="Copying SSH keys" date="2026-01-26T03:52:32.836" /><!-- duration: 0ms -->
      <step title="Building" date="2026-01-26T03:52:32.852" >
        <step title="Generating deployment script." date="2026-01-26T03:52:32.883" /><!-- duration: 16ms -->
        <step title="Generating deployment script" date="2026-01-26T03:52:32.899" >
          <step title="Using cached version of the deployment script for command: -y --no-dot-deployment -r &quot;C:\local\Temp\zipdeploy\extracted&quot; -o &quot;C:\home\site\deployments\tools&quot; --node --sitePath &quot;C:\local\Temp\zipdeploy\extracted&quot;" date="2026-01-26T03:52:32.914" /><!-- duration: 0ms -->
          <step title="Using cached version of deployment script (command: &apos;azure -y --no-dot-deployment -r &quot;C:\local\Temp\zipdeploy\extracted&quot; -o &quot;C:\home\site\deployments\tools&quot; --node --sitePath &quot;C:\local\Temp\zipdeploy\extracted&quot;&apos;)." date="2026-01-26T03:52:32.930" /><!-- duration: 0ms -->
        </step><!-- duration: 31ms -->
        <step title="Running deployment command..." date="2026-01-26T03:52:32.977" /><!-- duration: 0ms -->
        <step title="Command: &quot;C:\home\site\deployments\tools\deploy.cmd&quot;" date="2026-01-26T03:52:32.992" /><!-- duration: 16ms -->
        <step title="Executing external process" date="2026-01-26T03:52:33.008" type="process" path="starter.cmd" arguments="&quot;C:\home\site\deployments\tools\deploy.cmd&quot;" >
          <step title="Handling node.js deployment." date="2026-01-26T03:52:33.117" /><!-- duration: 16ms -->
          <step title="Creating app_offline.htm" date="2026-01-26T03:52:33.789" /><!-- duration: 0ms -->
          <step title="KuduSync.NET from: &apos;C:\local\Temp\zipdeploy\extracted&apos; to: &apos;C:\home\site\wwwroot&apos;" date="2026-01-26T03:52:33.805" /><!-- duration: 0ms -->
          <step title="Copying file: &apos;server.js&apos;" date="2026-01-26T03:52:33.821" /><!-- duration: 16ms -->
          <step title="Copying file: &apos;web.config&apos;" date="2026-01-26T03:52:33.836" /><!-- duration: 0ms -->
          <step title="Deleting app_offline.htm" date="2026-01-26T03:52:33.852" /><!-- duration: 0ms -->
          <step title="Using start-up script dist/src/main.js from package.json." date="2026-01-26T03:52:33.867" /><!-- duration: 0ms -->
          <step title="Node.js versions available on the platform are: 0.6.20, 0.8.2, 0.8.19, 0.8.26, 0.8.27, 0.8.28, 0.10.5, 0.10.18, 0.10.21, 0.10.24, 0.10.26, 0.10.28, 0.10.29, 0.10.31, 0.10.32, 0.10.40, 4.0.0, 4.1.0, 4.1.2, 4.2.1, 4.2.2, 4.2.3, 4.2.4, 4.3.0, 4.3.2, 4.4.0, 4.4.1, 4.4.6, 4.4.7, 4.5.0, 4.6.0, 4.6.1, 4.8.4, 4.9.1, 5.0.0, 5.1.1, 5.3.0, 5.4.0, 5.5.0, 5.6.0, 5.7.0, 5.7.1, 5.8.0, 5.9.1, 6.0.0, 6.1.0, 6.2.2, 6.3.0, 6.5.0, 6.6.0, 6.7.0, 6.9.0, 6.9.1, 6.9.2, 6.9.4, 6.9.5, 6.10.0, 6.10.3, 6.11.1, 6.11.2, 6.11.5, 6.12.2, 6.12.3, 6.17.1, 8.0.0, 8.1.4, 8.4.0, 8.5.0, 8.7.0, 8.8.0, 8.8.1, 8.9.0, 8.9.3, 8.9.4, 8.10.0, 8.11.1, 8.17.0, 10.0.0, 10.6.0, 10.14.1, 10.15.2, 10.16.3, 10.19.0, 10.24.1, 12.13.0, 12.15.0, 12.18.0, 12.21.0, 12.22.12, 14.10.1, 14.15.0, 14.15.1, 14.16.0, 14.18.1, 14.20.0, 16.9.1, 16.13.0, 16.16.0, 18.3.0, 18.12.1, 18.19.1, 18.20.4, 18.20.7, 20.9.0, 20.18.3, 20.19.4, 22.5.1, 22.14.0, 22.17.1." date="2026-01-26T03:52:33.883" /><!-- duration: 0ms -->
          <step title="Selected node.js version 22.17.1. Use package.json file to choose a different version." date="2026-01-26T03:52:33.946" /><!-- duration: 16ms -->
          <step title="Selected npm version 10.9.2" date="2026-01-26T03:52:33.977" /><!-- duration: 0ms -->
          <step title="Updating iisnode.yml at C:\home\site\wwwroot\dist\src\iisnode.yml" date="2026-01-26T03:52:33.992" /><!-- duration: 0ms -->
          <step title="npm warn config production Use `--omit=dev` instead." date="2026-01-26T03:52:34.086" /><!-- duration: 0ms -->
          <step title="removed 1 package, and audited 321 packages in 2s" date="2026-01-26T03:52:36.258" /><!-- duration: 0ms -->
          <step title="64 packages are looking for funding" date="2026-01-26T03:52:36.289" /><!-- duration: 0ms -->
          <step title="  run `npm fund` for details" date="2026-01-26T03:52:36.305" /><!-- duration: 0ms -->
          <step title="5 vulnerabilities (2 moderate, 3 high)" date="2026-01-26T03:52:36.321" /><!-- duration: 16ms -->
          <step title="To address all issues (including breaking changes), run:" date="2026-01-26T03:52:36.352" /><!-- duration: 16ms -->
          <step title="  npm audit fix --force" date="2026-01-26T03:52:36.367" /><!-- duration: 16ms -->
          <step title="Run `npm audit` for details." date="2026-01-26T03:52:36.399" /><!-- duration: 16ms -->
          <step title="Finished successfully." date="2026-01-26T03:52:36.414" /><!-- duration: 16ms -->
        </step><!-- duration: 3422ms -->
        <step title="Running post deployment command(s)..." date="2026-01-26T03:52:36.492" /><!-- duration: 0ms -->
        <step title="Requesting site restart" date="2026-01-26T03:52:36.524" /><!-- duration: 16ms -->
        <step title="Requesting site restart" date="2026-01-26T03:52:36.539" /><!-- duration: 0ms -->
        <step title="Requesting site restart. Attempt #1" date="2026-01-26T03:52:36.586" /><!-- duration: 0ms -->
        <step title="Requesting site restart. Attempt #1" date="2026-01-26T03:52:36.602" /><!-- duration: 0ms -->
        <step title="Successfully requested a restart. Attempt #1" date="2026-01-26T03:52:36.727" /><!-- duration: 0ms -->
        <step title="Successfully requested a restart. Attempt #1" date="2026-01-26T03:52:36.742" /><!-- duration: 0ms -->
        <step title="Deployment successful. DEPLOYMENTINFO: deploymentPath = OneDeploy, deployer = OneDeploy, os = windows, sku = Free, siteName = finanzia, siteHostName = finanzia.azurewebsites.net, deploymentStatus = Success" date="2026-01-26T03:52:36.774" /><!-- duration: 16ms -->
      </step><!-- duration: 4016ms -->
    </step><!-- duration: 4344ms -->
    <step title="Cleaning up temp files" date="2026-01-26T03:52:36.883" /><!-- duration: 16ms -->
    <step title="Skip function trigger and logicapp sync because function is not enabled." date="2026-01-26T03:52:36.899" /><!-- duration: 0ms -->
  </step><!-- duration: 5188ms -->
  <step title="LockFile &apos;C:\home\site\locks\deployments.lock&apos; released" date="2026-01-26T03:52:36.946" /><!-- duration: 16ms -->
  <step title="Deleting shutdown sentinel file" date="2026-01-26T03:52:36.961" SemaphoreCount="8" /><!-- duration: 0ms -->
</step><!-- duration: 5282ms -->
