{"TimeStamp":"2026-01-26T03:23:51Z","SiteName":"finanzia","RequestId":"8e4e4639-fa65-11f0-a711-68c6ac7eabed","Kind":"OneDeploy","Status":"Success","Details":"{\"Id\":\"2bc4a97121534c1985431b6d5bf372c1\",\"Status\":4,\"StatusText\":\"\",\"AuthorEmail\":\"N/A\",\"Author\":\"N/A\",\"Message\":\"OneDeploy\",\"Progress\":\"\",\"Deployer\":\"OneDeploy\",\"ReceivedTime\":\"2026-01-26T03:18:36.7676128Z\",\"StartTime\":\"2026-01-26T03:18:36.9238632Z\",\"EndTime\":\"2026-01-26T03:23:51.7476398Z\",\"LastSuccessEndTime\":\"2026-01-26T03:23:51.7476398Z\",\"Complete\":true,\"IsTemporary\":false,\"IsReadOnly\":true,\"SiteName\":\"finanzia\",\"HostName\":\"finanzia.scm.azurewebsites.net\",\"ProjectType\":\"OneDeploy\",\"VsProjectId\":null}"}