﻿<?xml version="1.0" encoding="utf-8"?>
<deployment>
  <id>2bc4a97121534c1985431b6d5bf372c1</id>
  <author>N/A</author>
  <deployer>OneDeploy</deployer>
  <authorEmail>N/A</authorEmail>
  <message>OneDeploy</message>
  <progress></progress>
  <status>Success</status>
  <statusText></statusText>
  <lastSuccessEndTime>2026-01-26T03:23:51.7476398Z</lastSuccessEndTime>
  <receivedTime>2026-01-26T03:18:36.7676128Z</receivedTime>
  <startTime>2026-01-26T03:18:36.9238632Z</startTime>
  <endTime>2026-01-26T03:23:51.7476398Z</endTime>
  <complete>True</complete>
  <is_temp>False</is_temp>
  <is_readonly>True</is_readonly>
  <project_type>OneDeploy</project_type>
  <vsproject_id></vsproject_id>
</deployment>