<step title="BackgroundTrace" date="2026-01-26T03:45:16.609" instance="a6e48b" url="/api/publish" method="POST" >
  <step title="Updating shutdown sentinel last write time" date="2026-01-26T03:45:16.625" SemaphoreCount="7" /><!-- duration: 16ms -->
  <step title="LockFile &apos;C:\home\site\locks\deployments.lock&apos; acquired" date="2026-01-26T03:45:16.640" /><!-- duration: 0ms -->
  <step title="Creating temporary deployment" date="2026-01-26T03:45:16.656" /><!-- duration: 47ms -->
  <step title="Performing fetch based deployment" date="2026-01-26T03:45:16.703" >
    <step title="Fetching changes." date="2026-01-26T03:45:16.765" /><!-- duration: 47ms -->
    <step title="Starting LocalZipHandler" date="2026-01-26T03:45:16.812" /><!-- duration: 0ms -->
    <step title="Cleaning up temp folders from previous zip deployments and extracting pushed zip file C:\local\Temp\zipdeploy\2jjlkg2e.zip (1.24 MB) to C:\local\Temp\zipdeploy\extracted" date="2026-01-26T03:45:16.843" /><!-- duration: 0ms -->
    <step title="Cleaning up temp folders from previous zip deployments and extracting pushed zip file C:\local\Temp\zipdeploy\2jjlkg2e.zip (1.24 MB) to C:\local\Temp\zipdeploy\extracted" date="2026-01-26T03:45:16.859" >
      <step title="Renaming extractTargetDirectory(C:\local\Temp\zipdeploy\extracted) to tempDirectory(C:\local\Temp\zipdeploy\trngfewx.nnx)" date="2026-01-26T03:45:16.859" /><!-- duration: 31ms -->
      <step title="Extracting 853 entries to C:\local\Temp\zipdeploy\extracted directory" date="2026-01-26T03:45:16.906" >
        <step title="Extracting to C:\local\Temp\zipdeploy\extracted\dist\tsconfig.tsbuildinfo ..." date="2026-01-26T03:45:16.922" /><!-- duration: 16ms -->
        <step title="Extracting to C:\local\Temp\zipdeploy\extracted\dist\scripts\fix-users-to-int.d.ts ..." date="2026-01-26T03:45:16.937" /><!-- duration: 16ms -->
        <step title="Extracting to C:\local\Temp\zipdeploy\extracted\dist\scripts\fix-users-to-int.js ..." date="2026-01-26T03:45:16.953" /><!-- duration: 0ms -->
        <step title="Extracting to C:\local\Temp\zipdeploy\extracted\dist\scripts\fix-users-to-int.js.map ..." date="2026-01-26T03:45:16.968" /><!-- duration: 0ms -->
        <step title="Extracting to C:\local\Temp\zipdeploy\extracted\dist\src\app.module.d.ts ..." date="2026-01-26T03:45:16.984" /><!-- duration: 0ms -->
        <step title="Omitting extracting file traces ..." date="2026-01-26T03:45:17.000" /><!-- duration: 0ms -->
      </step><!-- duration: 703ms -->
    </step><!-- duration: 8969ms -->
    <step title="Before sending BuildRequestReceived status to /api/updatedeploystatus" date="2026-01-26T03:45:25.844" /><!-- duration: 0ms -->
    <step title="DeploymentManager.Deploy(id:609e1a12efb44df6b8a8725053f318b8)" date="2026-01-26T03:45:25.859" >
      <step title="Collecting changeset information" date="2026-01-26T03:45:25.859" /><!-- duration: 78ms -->
      <step title="Updating submodules" date="2026-01-26T03:45:25.938" >
        <step title="Updating submodules." date="2026-01-26T03:45:25.984" /><!-- duration: 0ms -->
      </step><!-- duration: 63ms -->
      <step title="Preparing deployment for commit id &apos;609e1a12ef&apos;." date="2026-01-26T03:45:26.063" /><!-- duration: 0ms -->
      <step title="Determining deployment builder" date="2026-01-26T03:45:26.109" >
        <step title="UseMSBuild16: True" date="2026-01-26T03:45:26.125" /><!-- duration: 0ms -->
        <step title="Builder is NodeSiteBuilder" date="2026-01-26T03:45:26.172" /><!-- duration: 0ms -->
      </step><!-- duration: 78ms -->
      <step title="Copying SSH keys" date="2026-01-26T03:45:26.203" /><!-- duration: 16ms -->
      <step title="Building" date="2026-01-26T03:45:26.219" >
        <step title="Generating deployment script." date="2026-01-26T03:45:26.266" /><!-- duration: 16ms -->
        <step title="Generating deployment script" date="2026-01-26T03:45:26.281" >
          <step title="Using the following command to generate deployment script: &apos;azure site deploymentscript -y --no-dot-deployment -r &quot;C:\local\Temp\zipdeploy\extracted&quot; -o &quot;C:\home\site\deployments\tools&quot; --node --sitePath &quot;C:\local\Temp\zipdeploy\extracted&quot;&apos;." date="2026-01-26T03:45:26.328" /><!-- duration: 16ms -->
          <step title="Executing external process" date="2026-01-26T03:45:26.344" type="process" path="starter.cmd" arguments="&quot;C:\Program Files (x86)\SiteExtensions\Kudu\2025.11.1.1\bin\node_modules\.bin\kuduscript.cmd&quot; -y --no-dot-deployment -r &quot;C:\local\Temp\zipdeploy\extracted&quot; -o &quot;C:\home\site\deployments\tools&quot; --node --sitePath &quot;C:\local\Temp\zipdeploy\extracted&quot;" >
            <step title="Generating deployment script for node.js Web Site" date="2026-01-26T03:45:26.469" /><!-- duration: 0ms -->
            <step title="Generated deployment script files" date="2026-01-26T03:45:26.484" /><!-- duration: 0ms -->
          </step><!-- duration: 141ms -->
          <step title="Saved cached version of the deployment script for command -y --no-dot-deployment -r &quot;C:\local\Temp\zipdeploy\extracted&quot; -o &quot;C:\home\site\deployments\tools&quot; --node --sitePath &quot;C:\local\Temp\zipdeploy\extracted&quot;" date="2026-01-26T03:45:26.500" /><!-- duration: 0ms -->
        </step><!-- duration: 219ms -->
        <step title="Running deployment command..." date="2026-01-26T03:45:26.563" /><!-- duration: 0ms -->
        <step title="Command: &quot;C:\home\site\deployments\tools\deploy.cmd&quot;" date="2026-01-26T03:45:26.563" /><!-- duration: 16ms -->
        <step title="Executing external process" date="2026-01-26T03:45:26.578" type="process" path="starter.cmd" arguments="&quot;C:\home\site\deployments\tools\deploy.cmd&quot;" >
          <step title="Handling node.js deployment." date="2026-01-26T03:45:26.703" /><!-- duration: 0ms -->
          <step title="Creating app_offline.htm" date="2026-01-26T03:45:27.188" /><!-- duration: 16ms -->
          <step title="KuduSync.NET from: &apos;C:\local\Temp\zipdeploy\extracted&apos; to: &apos;C:\home\site\wwwroot&apos;" date="2026-01-26T03:45:27.203" /><!-- duration: 16ms -->
          <step title="Copying file: &apos;package.json&apos;" date="2026-01-26T03:45:27.234" /><!-- duration: 0ms -->
          <step title="Copying file: &apos;web.config&apos;" date="2026-01-26T03:45:27.250" /><!-- duration: 0ms -->
          <step title="Deleting app_offline.htm" date="2026-01-26T03:45:27.281" /><!-- duration: 0ms -->
          <step title="Using start-up script dist/src/main.js from package.json." date="2026-01-26T03:45:27.297" /><!-- duration: 0ms -->
          <step title="Node.js versions available on the platform are: 0.6.20, 0.8.2, 0.8.19, 0.8.26, 0.8.27, 0.8.28, 0.10.5, 0.10.18, 0.10.21, 0.10.24, 0.10.26, 0.10.28, 0.10.29, 0.10.31, 0.10.32, 0.10.40, 4.0.0, 4.1.0, 4.1.2, 4.2.1, 4.2.2, 4.2.3, 4.2.4, 4.3.0, 4.3.2, 4.4.0, 4.4.1, 4.4.6, 4.4.7, 4.5.0, 4.6.0, 4.6.1, 4.8.4, 4.9.1, 5.0.0, 5.1.1, 5.3.0, 5.4.0, 5.5.0, 5.6.0, 5.7.0, 5.7.1, 5.8.0, 5.9.1, 6.0.0, 6.1.0, 6.2.2, 6.3.0, 6.5.0, 6.6.0, 6.7.0, 6.9.0, 6.9.1, 6.9.2, 6.9.4, 6.9.5, 6.10.0, 6.10.3, 6.11.1, 6.11.2, 6.11.5, 6.12.2, 6.12.3, 6.17.1, 8.0.0, 8.1.4, 8.4.0, 8.5.0, 8.7.0, 8.8.0, 8.8.1, 8.9.0, 8.9.3, 8.9.4, 8.10.0, 8.11.1, 8.17.0, 10.0.0, 10.6.0, 10.14.1, 10.15.2, 10.16.3, 10.19.0, 10.24.1, 12.13.0, 12.15.0, 12.18.0, 12.21.0, 12.22.12, 14.10.1, 14.15.0, 14.15.1, 14.16.0, 14.18.1, 14.20.0, 16.9.1, 16.13.0, 16.16.0, 18.3.0, 18.12.1, 18.19.1, 18.20.4, 18.20.7, 20.9.0, 20.18.3, 20.19.4, 22.5.1, 22.14.0, 22.17.1." date="2026-01-26T03:45:27.313" /><!-- duration: 0ms -->
          <step title="Selected node.js version 22.17.1. Use package.json file to choose a different version." date="2026-01-26T03:45:27.328" /><!-- duration: 0ms -->
          <step title="Selected npm version 10.9.2" date="2026-01-26T03:45:27.344" /><!-- duration: 0ms -->
          <step title="Updating iisnode.yml at C:\home\site\wwwroot\dist\src\iisnode.yml" date="2026-01-26T03:45:27.359" /><!-- duration: 16ms -->
          <step title="npm warn config production Use `--omit=dev` instead." date="2026-01-26T03:45:28.531" /><!-- duration: 16ms -->
          <step title="removed 504 packages, and audited 321 packages in 49s" date="2026-01-26T03:46:17.121" /><!-- duration: 0ms -->
          <step title="64 packages are looking for funding" date="2026-01-26T03:46:17.137" /><!-- duration: 16ms -->
          <step title="  run `npm fund` for details" date="2026-01-26T03:46:17.168" /><!-- duration: 0ms -->
          <step title="5 vulnerabilities (2 moderate, 3 high)" date="2026-01-26T03:46:17.184" /><!-- duration: 0ms -->
          <step title="To address all issues (including breaking changes), run:" date="2026-01-26T03:46:17.199" /><!-- duration: 0ms -->
          <step title="  npm audit fix --force" date="2026-01-26T03:46:17.215" /><!-- duration: 0ms -->
          <step title="Run `npm audit` for details." date="2026-01-26T03:46:17.231" /><!-- duration: 0ms -->
          <step title="Finished successfully." date="2026-01-26T03:46:17.700" /><!-- duration: 0ms -->
        </step><!-- duration: 51137ms -->
        <step title="Running post deployment command(s)..." date="2026-01-26T03:46:17.762" /><!-- duration: 0ms -->
        <step title="Requesting site restart" date="2026-01-26T03:46:17.809" /><!-- duration: 0ms -->
        <step title="Requesting site restart" date="2026-01-26T03:46:17.825" /><!-- duration: 16ms -->
        <step title="Requesting site restart. Attempt #1" date="2026-01-26T03:46:17.887" /><!-- duration: 0ms -->
        <step title="Requesting site restart. Attempt #1" date="2026-01-26T03:46:17.887" /><!-- duration: 16ms -->
        <step title="Successfully requested a restart. Attempt #1" date="2026-01-26T03:46:18.215" /><!-- duration: 0ms -->
        <step title="Successfully requested a restart. Attempt #1" date="2026-01-26T03:46:18.231" /><!-- duration: 0ms -->
        <step title="Deployment successful. DEPLOYMENTINFO: deploymentPath = OneDeploy, deployer = OneDeploy, os = windows, sku = Free, siteName = finanzia, siteHostName = finanzia.azurewebsites.net, deploymentStatus = Success" date="2026-01-26T03:46:18.278" /><!-- duration: 0ms -->
      </step><!-- duration: 52153ms -->
    </step><!-- duration: 52528ms -->
    <step title="Cleaning up temp files" date="2026-01-26T03:46:18.387" /><!-- duration: 0ms -->
    <step title="Skip function trigger and logicapp sync because function is not enabled." date="2026-01-26T03:46:18.403" /><!-- duration: 0ms -->
  </step><!-- duration: 61715ms -->
  <step title="LockFile &apos;C:\home\site\locks\deployments.lock&apos; released" date="2026-01-26T03:46:18.434" /><!-- duration: 0ms -->
  <step title="Deleting shutdown sentinel file" date="2026-01-26T03:46:18.450" SemaphoreCount="8" /><!-- duration: 0ms -->
</step><!-- duration: 61840ms -->
