<step title="Incoming Request" date="2026-01-26T03:45:16.093" instance="a6e48b" url="/api/publish?type=zip&amp;async=True" method="POST" type="request" pid="13164,2,7" Cache-Control="no-cache" Content-Length="1295592" Content-Type="application/octet-stream" Accept="*/*" Accept-Encoding="gzip, deflate" Authorization="Bea..." Host="finanzia.scm.azurewebsites.net" User-Agent="AZURECLI/2.80.0 (MSI)" x-ms-client-request-id="610409df-fa69-11f0-8aa3-68c6ac7eabed" X-ARR-LOG-ID="610409df-fa69-11f0-8aa3-68c6ac7eabed" CLIENT-IP="190.150.168.172:43760" X-SITE-DEPLOYMENT-ID="finanzia" WAS-DEFAULT-HOSTNAME="finanzia.scm.azurewebsites.net" X-Forwarded-Proto="https" X-AppService-Proto="https" X-Forwarded-TlsVersion="1.3" X-WAWS-Unencoded-URL="/api/publish?type=zip&amp;async=True" >
  <step title="OneDeploy" date="2026-01-26T03:45:16.390" >
    <step title="Starting PushDeployAsync" date="2026-01-26T03:45:16.422" /><!-- duration: 0ms -->
    <step title="Updating shutdown sentinel last write time" date="2026-01-26T03:45:16.468" SemaphoreCount="7" /><!-- duration: 0ms -->
    <step title="LockFile &apos;C:\home\site\locks\deployments.lock&apos; acquired" date="2026-01-26T03:45:16.484" /><!-- duration: 0ms -->
    <step title="Saving request content to C:\local\Temp\zipdeploy\2jjlkg2e.zip" date="2026-01-26T03:45:16.484" >
      <step title="Total 1,295,592 bytes written to C:\local\Temp\zipdeploy\2jjlkg2e.zip" date="2026-01-26T03:45:16.515" /><!-- duration: 16ms -->
    </step><!-- duration: 47ms -->
    <step title="LockFile &apos;C:\home\site\locks\deployments.lock&apos; released" date="2026-01-26T03:45:16.547" /><!-- duration: 0ms -->
    <step title="Deleting shutdown sentinel file" date="2026-01-26T03:45:16.547" SemaphoreCount="8" /><!-- duration: 47ms -->
    <step title="Starting FetchDeploy" date="2026-01-26T03:45:16.593" /><!-- duration: 16ms -->
    <step title="Start deployment in the background" date="2026-01-26T03:45:16.609" /><!-- duration: 94ms -->
  </step><!-- duration: 313ms -->
  <step title="Outgoing response" date="2026-01-26T03:45:16.750" type="response" statusCode="202" statusText="Accepted" Server="Microsoft-IIS/10.0" x-ms-request-id="610409df-fa69-11f0-8aa3-68c6ac7eabed" Retry-After="30" Cache-Control="private" X-AspNet-Version="4.0.30319" Location="https://finanzia.scm.azurewebsites.net/api/deployments/latest?deployer=OneDeploy&amp;time=2026-01-26_03-45-16Z" /><!-- duration: 0ms -->
</step><!-- duration: 656ms -->
