<step title="Incoming Request" date="2026-01-26T02:50:47.447" instance="a6e48b" url="/api/publish?type=zip" method="POST" type="request" pid="11292,2,7" Cache-Control="no-cache" Connection="Keep-Alive" Content-Length="1394973" Content-Type="application/octet-stream" Accept="*/*" Accept-Encoding="gzip, deflate" Authorization="Bea..." Host="finanzia.scm.azurewebsites.net" User-Agent="AZURECLI/2.80.0 (MSI)" x-ms-client-request-id="c772ef24-fa61-11f0-b3e5-68c6ac7eabed" X-ARR-LOG-ID="c772ef24-fa61-11f0-b3e5-68c6ac7eabed" CLIENT-IP="190.150.168.172:12219" X-SITE-DEPLOYMENT-ID="finanzia" WAS-DEFAULT-HOSTNAME="finanzia.scm.azurewebsites.net" X-Forwarded-Proto="https" X-AppService-Proto="https" X-Forwarded-TlsVersion="1.3" X-WAWS-Unencoded-URL="/api/publish?type=zip" X-MS-COLDSTART="1" >
  <step title="OneDeploy" date="2026-01-26T02:50:48.041" >
    <step title="Starting PushDeployAsync" date="2026-01-26T02:50:48.057" /><!-- duration: 0ms -->
    <step title="Updating shutdown sentinel last write time" date="2026-01-26T02:50:48.104" SemaphoreCount="7" /><!-- duration: 16ms -->
    <step title="LockFile &apos;C:\home\site\locks\deployments.lock&apos; acquired" date="2026-01-26T02:50:48.119" /><!-- duration: 0ms -->
    <step title="Saving request content to C:\local\Temp\zipdeploy\rrjhpayy.zip" date="2026-01-26T02:50:48.135" >
      <step title="Total 1,394,973 bytes written to C:\local\Temp\zipdeploy\rrjhpayy.zip" date="2026-01-26T02:50:48.166" /><!-- duration: 0ms -->
    </step><!-- duration: 47ms -->
    <step title="LockFile &apos;C:\home\site\locks\deployments.lock&apos; released" date="2026-01-26T02:50:48.182" /><!-- duration: 0ms -->
    <step title="Deleting shutdown sentinel file" date="2026-01-26T02:50:48.197" SemaphoreCount="8" /><!-- duration: 0ms -->
    <step title="Starting FetchDeploy" date="2026-01-26T02:50:48.213" /><!-- duration: 0ms -->
    <step title="Attempting to fetch target branch HEAD" date="2026-01-26T02:50:48.229" /><!-- duration: 0ms -->
    <step title="Updating shutdown sentinel last write time" date="2026-01-26T02:50:48.244" SemaphoreCount="7" /><!-- duration: 0ms -->
    <step title="LockFile &apos;C:\home\site\locks\deployments.lock&apos; acquired" date="2026-01-26T02:50:48.244" /><!-- duration: 0ms -->
    <step title="Performing fetch based deployment" date="2026-01-26T02:50:48.260" >
      <step title="Creating temporary deployment" date="2026-01-26T02:50:48.260" /><!-- duration: 63ms -->
      <step title="Fetching changes." date="2026-01-26T02:50:48.385" /><!-- duration: 0ms -->
      <step title="Starting LocalZipHandler" date="2026-01-26T02:50:48.400" /><!-- duration: 0ms -->
      <step title="Starting LocalZipFetch" date="2026-01-26T02:50:48.416" /><!-- duration: 0ms -->
      <step title="Cleaning up temp folders from previous zip deployments and extracting pushed zip file C:\local\Temp\zipdeploy\rrjhpayy.zip (1.33 MB) to C:\local\Temp\zipdeploy\extracted" date="2026-01-26T02:50:48.432" /><!-- duration: 0ms -->
      <step title="Cleaning up temp folders from previous zip deployments and extracting pushed zip file C:\local\Temp\zipdeploy\rrjhpayy.zip (1.33 MB) to C:\local\Temp\zipdeploy\extracted" date="2026-01-26T02:50:48.447" >
        <step title="Extracting 852 entries to C:\local\Temp\zipdeploy\extracted directory" date="2026-01-26T02:50:48.463" >
          <step title="Extracting to C:\local\Temp\zipdeploy\extracted\dist\tsconfig.tsbuildinfo ..." date="2026-01-26T02:50:48.463" /><!-- duration: 16ms -->
          <step title="Extracting to C:\local\Temp\zipdeploy\extracted\dist\scripts\fix-users-to-int.d.ts ..." date="2026-01-26T02:50:48.494" /><!-- duration: 0ms -->
          <step title="Extracting to C:\local\Temp\zipdeploy\extracted\dist\scripts\fix-users-to-int.js ..." date="2026-01-26T02:50:48.494" /><!-- duration: 16ms -->
          <step title="Extracting to C:\local\Temp\zipdeploy\extracted\dist\scripts\fix-users-to-int.js.map ..." date="2026-01-26T02:50:48.510" /><!-- duration: 0ms -->
          <step title="Extracting to C:\local\Temp\zipdeploy\extracted\dist\src\app.module.d.ts ..." date="2026-01-26T02:50:48.525" /><!-- duration: 0ms -->
          <step title="Omitting extracting file traces ..." date="2026-01-26T02:50:48.525" /><!-- duration: 16ms -->
        </step><!-- duration: 734ms -->
      </step><!-- duration: 750ms -->
      <step title="None repository commit" date="2026-01-26T02:50:49.213" >
        <step title="Commit id: cd9d08526fc24d22a475dfd930088d9a" date="2026-01-26T02:50:49.213" Message="OneDeploy" AuthorName="N/A" AuthorEmail="N/A" /><!-- duration: 0ms -->
      </step><!-- duration: 0ms -->
      <step title="Before sending BuildRequestReceived status to /api/updatedeploystatus" date="2026-01-26T02:50:49.229" /><!-- duration: 0ms -->
      <step title="DeploymentManager.Deploy(id:cd9d08526fc24d22a475dfd930088d9a)" date="2026-01-26T02:50:49.244" >
        <step title="Collecting changeset information" date="2026-01-26T02:50:49.244" /><!-- duration: 47ms -->
        <step title="Updating submodules" date="2026-01-26T02:50:49.291" >
          <step title="Updating submodules." date="2026-01-26T02:50:49.338" /><!-- duration: 16ms -->
        </step><!-- duration: 63ms -->
        <step title="Preparing deployment for commit id &apos;cd9d08526f&apos;." date="2026-01-26T02:50:49.400" /><!-- duration: 16ms -->
        <step title="Determining deployment builder" date="2026-01-26T02:50:49.447" >
          <step title="Builder is OneDeployBuilder" date="2026-01-26T02:50:49.463" /><!-- duration: 0ms -->
        </step><!-- duration: 16ms -->
        <step title="Copying SSH keys" date="2026-01-26T02:50:49.479" /><!-- duration: 16ms -->
        <step title="Building" date="2026-01-26T02:50:49.494" >
          <step title="Running build. Project type: OneDeploy" date="2026-01-26T02:50:49.541" /><!-- duration: 0ms -->
          <step title="Copying the manifest" date="2026-01-26T02:50:49.604" /><!-- duration: 0ms -->
          <step title="Clean deploying to C:\home\site\wwwroot" date="2026-01-26T02:50:49.682" /><!-- duration: 0ms -->
          <step title="Generating deployment script." date="2026-01-26T02:50:49.729" /><!-- duration: 16ms -->
          <step title="Generating deployment script" date="2026-01-26T02:50:49.744" >
            <step title="Using the following command to generate deployment script: &apos;azure site deploymentscript -y --no-dot-deployment -r &quot;C:\local\Temp\zipdeploy\extracted&quot; -o &quot;C:\home\site\deployments\tools&quot; --basic --sitePath &quot;C:\local\Temp\zipdeploy\extracted&quot;&apos;." date="2026-01-26T02:50:49.807" /><!-- duration: 0ms -->
            <step title="Executing external process" date="2026-01-26T02:50:49.838" type="process" path="starter.cmd" arguments="&quot;C:\Program Files (x86)\SiteExtensions\Kudu\2025.11.1.1\bin\node_modules\.bin\kuduscript.cmd&quot; -y --no-dot-deployment -r &quot;C:\local\Temp\zipdeploy\extracted&quot; -o &quot;C:\home\site\deployments\tools&quot; --basic --sitePath &quot;C:\local\Temp\zipdeploy\extracted&quot;" >
              <step title="Generating deployment script for Web Site" date="2026-01-26T02:50:50.838" /><!-- duration: 0ms -->
              <step title="Generated deployment script files" date="2026-01-26T02:50:50.854" /><!-- duration: 0ms -->
            </step><!-- duration: 1031ms -->
            <step title="Saved cached version of the deployment script for command -y --no-dot-deployment -r &quot;C:\local\Temp\zipdeploy\extracted&quot; -o &quot;C:\home\site\deployments\tools&quot; --basic --sitePath &quot;C:\local\Temp\zipdeploy\extracted&quot;" date="2026-01-26T02:50:50.885" /><!-- duration: 0ms -->
          </step><!-- duration: 1141ms -->
          <step title="Running deployment command..." date="2026-01-26T02:50:50.932" /><!-- duration: 0ms -->
          <step title="Command: &quot;C:\home\site\deployments\tools\deploy.cmd&quot;" date="2026-01-26T02:50:50.947" /><!-- duration: 16ms -->
          <step title="Executing external process" date="2026-01-26T02:50:50.963" type="process" path="starter.cmd" arguments="&quot;C:\home\site\deployments\tools\deploy.cmd&quot;" >
            <step title="Handling Basic Web Site deployment." date="2026-01-26T02:50:51.088" /><!-- duration: 0ms -->
            <step title="Creating app_offline.htm" date="2026-01-26T02:50:51.338" /><!-- duration: 0ms -->
            <step title="KuduSync.NET from: &apos;C:\local\Temp\zipdeploy\extracted&apos; to: &apos;C:\home\site\wwwroot&apos;" date="2026-01-26T02:50:51.354" /><!-- duration: 0ms -->
            <step title="Deleting file: &apos;hostingstart.html&apos;" date="2026-01-26T02:50:51.369" /><!-- duration: 0ms -->
            <step title="Copying file: &apos;package-lock.json&apos;" date="2026-01-26T02:50:51.385" /><!-- duration: 0ms -->
            <step title="Copying file: &apos;package.json&apos;" date="2026-01-26T02:50:51.401" /><!-- duration: 0ms -->
            <step title="Copying file: &apos;dist\tsconfig.tsbuildinfo&apos;" date="2026-01-26T02:50:51.416" /><!-- duration: 16ms -->
            <step title="Copying file: &apos;dist\scripts\fix-users-to-int.d.ts&apos;" date="2026-01-26T02:50:51.447" /><!-- duration: 0ms -->
            <step title="Copying file: &apos;dist\scripts\fix-users-to-int.js&apos;" date="2026-01-26T02:50:51.463" /><!-- duration: 0ms -->
            <step title="Copying file: &apos;dist\scripts\fix-users-to-int.js.map&apos;" date="2026-01-26T02:50:51.479" /><!-- duration: 0ms -->
            <step title="Copying file: &apos;dist\src\app.module.d.ts&apos;" date="2026-01-26T02:50:51.494" /><!-- duration: 0ms -->
            <step title="Copying file: &apos;dist\src\app.module.js&apos;" date="2026-01-26T02:50:51.510" /><!-- duration: 0ms -->
            <step title="Copying file: &apos;dist\src\app.module.js.map&apos;" date="2026-01-26T02:50:51.526" /><!-- duration: 0ms -->
            <step title="Copying file: &apos;dist\src\main.d.ts&apos;" date="2026-01-26T02:50:51.541" /><!-- duration: 16ms -->
            <step title="Copying file: &apos;dist\src\main.js&apos;" date="2026-01-26T02:50:51.557" /><!-- duration: 16ms -->
            <step title="Copying file: &apos;dist\src\main.js.map&apos;" date="2026-01-26T02:50:51.588" /><!-- duration: 0ms -->
            <step title="Copying file: &apos;dist\src\actividad-economica\dto\create-actividad-economica.dto.d.ts&apos;" date="2026-01-26T02:50:51.604" /><!-- duration: 0ms -->
            <step title="Copying file: &apos;dist\src\actividad-economica\dto\create-actividad-economica.dto.js&apos;" date="2026-01-26T02:50:51.619" /><!-- duration: 0ms -->
            <step title="Copying file: &apos;dist\src\actividad-economica\dto\create-actividad-economica.dto.js.map&apos;" date="2026-01-26T02:50:51.635" /><!-- duration: 0ms -->
            <step title="Copying file: &apos;dist\src\actividad-economica\entities\actividad-economica.entity.d.ts&apos;" date="2026-01-26T02:50:51.651" /><!-- duration: 0ms -->
            <step title="Copying file: &apos;dist\src\actividad-economica\entities\actividad-economica.entity.js&apos;" date="2026-01-26T02:50:51.666" /><!-- duration: 0ms -->
            <step title="Copying file: &apos;dist\src\actividad-economica\entities\actividad-economica.entity.js.map&apos;" date="2026-01-26T02:50:51.682" /><!-- duration: 0ms -->
            <step title="Copying file: &apos;dist\src\assets\logo.png&apos;" date="2026-01-26T02:50:51.760" /><!-- duration: 0ms -->
            <step title="Copying file: &apos;dist\src\assets\logoDocs.webp&apos;" date="2026-01-26T02:50:51.776" /><!-- duration: 0ms -->
            <step title="Copying file: &apos;dist\src\auth\auth.controller.d.ts&apos;" date="2026-01-26T02:50:51.791" /><!-- duration: 0ms -->
            <step title="Copying file: &apos;dist\src\auth\auth.controller.js&apos;" date="2026-01-26T02:50:51.807" /><!-- duration: 0ms -->
            <step title="Copying file: &apos;dist\src\auth\auth.controller.js.map&apos;" date="2026-01-26T02:50:51.822" /><!-- duration: 0ms -->
            <step title="Copying file: &apos;dist\src\auth\auth.module.d.ts&apos;" date="2026-01-26T02:50:51.854" /><!-- duration: 0ms -->
            <step title="Copying file: &apos;dist\src\auth\auth.module.js&apos;" date="2026-01-26T02:50:51.869" /><!-- duration: 0ms -->
            <step title="Copying file: &apos;dist\src\auth\auth.module.js.map&apos;" date="2026-01-26T02:50:51.885" /><!-- duration: 0ms -->
            <step title="Copying file: &apos;dist\src\auth\auth.service.d.ts&apos;" date="2026-01-26T02:50:51.932" /><!-- duration: 0ms -->
            <step title="Copying file: &apos;dist\src\auth\auth.service.js&apos;" date="2026-01-26T02:50:51.963" /><!-- duration: 0ms -->
            <step title="Copying file: &apos;dist\src\auth\auth.service.js.map&apos;" date="2026-01-26T02:50:51.979" /><!-- duration: 0ms -->
            <step title="Copying file: &apos;dist\src\auth\index.d.ts&apos;" date="2026-01-26T02:50:51.994" /><!-- duration: 0ms -->
            <step title="Copying file: &apos;dist\src\auth\index.js&apos;" date="2026-01-26T02:50:52.010" /><!-- duration: 0ms -->
            <step title="Copying file: &apos;dist\src\auth\index.js.map&apos;" date="2026-01-26T02:50:52.026" /><!-- duration: 16ms -->
            <step title="Copying file: &apos;dist\src\auth\decorators\roles.decorator.d.ts&apos;" date="2026-01-26T02:50:52.057" /><!-- duration: 0ms -->
            <step title="Copying file: &apos;dist\src\auth\decorators\roles.decorator.js&apos;" date="2026-01-26T02:50:52.072" /><!-- duration: 16ms -->
            <step title="Copying file: &apos;dist\src\auth\decorators\roles.decorator.js.map&apos;" date="2026-01-26T02:50:52.104" /><!-- duration: 0ms -->
            <step title="Copying file: &apos;dist\src\auth\dto\login.dto.d.ts&apos;" date="2026-01-26T02:50:52.135" /><!-- duration: 0ms -->
            <step title="Copying file: &apos;dist\src\auth\dto\login.dto.js&apos;" date="2026-01-26T02:50:52.151" /><!-- duration: 0ms -->
            <step title="Copying file: &apos;dist\src\auth\dto\login.dto.js.map&apos;" date="2026-01-26T02:50:52.166" /><!-- duration: 0ms -->
            <step title="Copying file: &apos;dist\src\auth\dto\register.dto.d.ts&apos;" date="2026-01-26T02:50:52.182" /><!-- duration: 16ms -->
            <step title="Copying file: &apos;dist\src\auth\dto\register.dto.js&apos;" date="2026-01-26T02:50:52.213" /><!-- duration: 0ms -->
            <step title="Copying file: &apos;dist\src\auth\dto\register.dto.js.map&apos;" date="2026-01-26T02:50:52.229" /><!-- duration: 0ms -->
            <step title="Copying file: &apos;dist\src\auth\enums\roles.enum.d.ts&apos;" date="2026-01-26T02:50:52.244" /><!-- duration: 0ms -->
            <step title="Copying file: &apos;dist\src\auth\enums\roles.enum.js&apos;" date="2026-01-26T02:50:52.260" /><!-- duration: 0ms -->
            <step title="Copying file: &apos;dist\src\auth\enums\roles.enum.js.map&apos;" date="2026-01-26T02:50:52.276" /><!-- duration: 16ms -->
            <step title="Copying file: &apos;dist\src\auth\guards\jwt-auth.guard.d.ts&apos;" date="2026-01-26T02:50:52.307" /><!-- duration: 0ms -->
            <step title="Copying file: &apos;dist\src\auth\guards\jwt-auth.guard.js&apos;" date="2026-01-26T02:50:52.323" /><!-- duration: 0ms -->
            <step title="Copying file: &apos;dist\src\auth\guards\jwt-auth.guard.js.map&apos;" date="2026-01-26T02:50:52.338" /><!-- duration: 0ms -->
            <step title="Omitting next output lines..." date="2026-01-26T02:50:52.354" /><!-- duration: 0ms -->
            <step title="Finished successfully." date="2026-01-26T02:51:00.235" /><!-- duration: 16ms -->
          </step><!-- duration: 9287ms -->
          <step title="Build completed succesfully." date="2026-01-26T02:51:00.297" /><!-- duration: 0ms -->
          <step title="Running post deployment command(s)..." date="2026-01-26T02:51:00.344" /><!-- duration: 0ms -->
          <step title="Requesting site restart" date="2026-01-26T02:51:00.391" /><!-- duration: 16ms -->
          <step title="Requesting site restart" date="2026-01-26T02:51:00.407" /><!-- duration: 0ms -->
          <step title="Requesting site restart. Attempt #1" date="2026-01-26T02:51:00.454" /><!-- duration: 16ms -->
          <step title="Requesting site restart. Attempt #1" date="2026-01-26T02:51:00.469" /><!-- duration: 0ms -->
          <step title="Successfully requested a restart. Attempt #1" date="2026-01-26T02:51:00.829" /><!-- duration: 0ms -->
          <step title="Successfully requested a restart. Attempt #1" date="2026-01-26T02:51:00.844" /><!-- duration: 0ms -->
          <step title="Deployment successful. DEPLOYMENTINFO: deploymentPath = OneDeploy, deployer = OneDeploy, os = windows, sku = Free, siteName = finanzia, siteHostName = finanzia.azurewebsites.net, deploymentStatus = Success" date="2026-01-26T02:51:00.891" /><!-- duration: 16ms -->
        </step><!-- duration: 11522ms -->
      </step><!-- duration: 11772ms -->
      <step title="Cleaning up temp files" date="2026-01-26T02:51:01.032" /><!-- duration: 0ms -->
      <step title="Skip function trigger and logicapp sync because function is not enabled." date="2026-01-26T02:51:01.047" /><!-- duration: 0ms -->
    </step><!-- duration: 12819ms -->
    <step title="LockFile &apos;C:\home\site\locks\deployments.lock&apos; released" date="2026-01-26T02:51:01.094" /><!-- duration: 0ms -->
    <step title="Deleting shutdown sentinel file" date="2026-01-26T02:51:01.110" SemaphoreCount="8" /><!-- duration: 0ms -->
  </step><!-- duration: 13069ms -->
  <step title="Outgoing response" date="2026-01-26T02:51:01.141" type="response" statusCode="200" statusText="OK" Server="Microsoft-IIS/10.0" x-ms-request-id="c772ef24-fa61-11f0-b3e5-68c6ac7eabed" Cache-Control="private" X-AspNet-Version="4.0.30319" /><!-- duration: 16ms -->
</step><!-- duration: 13709ms -->
