<step title="Incoming Request" date="2026-01-26T02:58:03.120" instance="a6e48b" url="/api/publish?type=zip" method="POST" type="request" pid="10760,2,8" Cache-Control="no-cache" Content-Length="1394973" Content-Type="application/octet-stream" Accept="*/*" Accept-Encoding="gzip, deflate" Authorization="Bea..." Host="finanzia.scm.azurewebsites.net" User-Agent="AZURECLI/2.80.0 (MSI)" x-ms-client-request-id="cd573b51-fa62-11f0-9e45-68c6ac7eabed" X-ARR-LOG-ID="cd573b51-fa62-11f0-9e45-68c6ac7eabed" CLIENT-IP="190.150.168.172:28430" X-SITE-DEPLOYMENT-ID="finanzia" WAS-DEFAULT-HOSTNAME="finanzia.scm.azurewebsites.net" X-Forwarded-Proto="https" X-AppService-Proto="https" X-Forwarded-TlsVersion="1.3" X-WAWS-Unencoded-URL="/api/publish?type=zip" >
  <step title="OneDeploy" date="2026-01-26T02:58:03.370" >
    <step title="Starting PushDeployAsync" date="2026-01-26T02:58:03.386" /><!-- duration: 0ms -->
    <step title="Updating shutdown sentinel last write time" date="2026-01-26T02:58:03.432" SemaphoreCount="7" /><!-- duration: 16ms -->
    <step title="LockFile &apos;C:\home\site\locks\deployments.lock&apos; acquired" date="2026-01-26T02:58:03.448" /><!-- duration: 0ms -->
    <step title="Saving request content to C:\local\Temp\zipdeploy\fnnneeeq.zip" date="2026-01-26T02:58:03.464" >
      <step title="Total 1,394,973 bytes written to C:\local\Temp\zipdeploy\fnnneeeq.zip" date="2026-01-26T02:58:03.495" /><!-- duration: 0ms -->
    </step><!-- duration: 31ms -->
    <step title="LockFile &apos;C:\home\site\locks\deployments.lock&apos; released" date="2026-01-26T02:58:03.511" /><!-- duration: 0ms -->
    <step title="Deleting shutdown sentinel file" date="2026-01-26T02:58:03.526" SemaphoreCount="8" /><!-- duration: 0ms -->
    <step title="Starting FetchDeploy" date="2026-01-26T02:58:03.542" /><!-- duration: 0ms -->
    <step title="Attempting to fetch target branch HEAD" date="2026-01-26T02:58:03.542" /><!-- duration: 16ms -->
    <step title="Updating shutdown sentinel last write time" date="2026-01-26T02:58:03.573" SemaphoreCount="7" /><!-- duration: 0ms -->
    <step title="LockFile &apos;C:\home\site\locks\deployments.lock&apos; acquired" date="2026-01-26T02:58:03.573" /><!-- duration: 16ms -->
    <step title="Performing fetch based deployment" date="2026-01-26T02:58:03.604" >
      <step title="Creating temporary deployment" date="2026-01-26T02:58:03.604" /><!-- duration: 47ms -->
      <step title="Fetching changes." date="2026-01-26T02:58:03.698" /><!-- duration: 16ms -->
      <step title="Starting LocalZipHandler" date="2026-01-26T02:58:03.714" /><!-- duration: 16ms -->
      <step title="Starting LocalZipFetch" date="2026-01-26T02:58:03.729" /><!-- duration: 0ms -->
      <step title="Cleaning up temp folders from previous zip deployments and extracting pushed zip file C:\local\Temp\zipdeploy\fnnneeeq.zip (1.33 MB) to C:\local\Temp\zipdeploy\extracted" date="2026-01-26T02:58:03.745" /><!-- duration: 0ms -->
      <step title="Cleaning up temp folders from previous zip deployments and extracting pushed zip file C:\local\Temp\zipdeploy\fnnneeeq.zip (1.33 MB) to C:\local\Temp\zipdeploy\extracted" date="2026-01-26T02:58:03.761" >
        <step title="Extracting 852 entries to C:\local\Temp\zipdeploy\extracted directory" date="2026-01-26T02:58:03.776" >
          <step title="Extracting to C:\local\Temp\zipdeploy\extracted\dist\tsconfig.tsbuildinfo ..." date="2026-01-26T02:58:03.792" /><!-- duration: 16ms -->
          <step title="Extracting to C:\local\Temp\zipdeploy\extracted\dist\scripts\fix-users-to-int.d.ts ..." date="2026-01-26T02:58:03.807" /><!-- duration: 0ms -->
          <step title="Extracting to C:\local\Temp\zipdeploy\extracted\dist\scripts\fix-users-to-int.js ..." date="2026-01-26T02:58:03.823" /><!-- duration: 0ms -->
          <step title="Extracting to C:\local\Temp\zipdeploy\extracted\dist\scripts\fix-users-to-int.js.map ..." date="2026-01-26T02:58:03.823" /><!-- duration: 16ms -->
          <step title="Extracting to C:\local\Temp\zipdeploy\extracted\dist\src\app.module.d.ts ..." date="2026-01-26T02:58:03.839" /><!-- duration: 16ms -->
          <step title="Omitting extracting file traces ..." date="2026-01-26T02:58:03.854" /><!-- duration: 0ms -->
        </step><!-- duration: 641ms -->
      </step><!-- duration: 672ms -->
      <step title="None repository commit" date="2026-01-26T02:58:04.432" >
        <step title="Commit id: 95bb25576d7544109302aa19ae4056ef" date="2026-01-26T02:58:04.432" Message="OneDeploy" AuthorName="N/A" AuthorEmail="N/A" /><!-- duration: 16ms -->
      </step><!-- duration: 16ms -->
      <step title="Before sending BuildRequestReceived status to /api/updatedeploystatus" date="2026-01-26T02:58:04.448" /><!-- duration: 16ms -->
      <step title="DeploymentManager.Deploy(id:95bb25576d7544109302aa19ae4056ef)" date="2026-01-26T02:58:04.464" >
        <step title="Collecting changeset information" date="2026-01-26T02:58:04.495" /><!-- duration: 31ms -->
        <step title="Updating submodules" date="2026-01-26T02:58:04.526" >
          <step title="Updating submodules." date="2026-01-26T02:58:04.573" /><!-- duration: 0ms -->
        </step><!-- duration: 63ms -->
        <step title="Preparing deployment for commit id &apos;95bb25576d&apos;." date="2026-01-26T02:58:04.620" /><!-- duration: 16ms -->
        <step title="Determining deployment builder" date="2026-01-26T02:58:04.667" >
          <step title="UseMSBuild16: True" date="2026-01-26T02:58:04.682" /><!-- duration: 0ms -->
          <step title="Builder is NodeSiteBuilder" date="2026-01-26T02:58:04.729" /><!-- duration: 0ms -->
        </step><!-- duration: 63ms -->
        <step title="Copying SSH keys" date="2026-01-26T02:58:04.761" /><!-- duration: 0ms -->
        <step title="Building" date="2026-01-26T02:58:04.761" >
          <step title="Generating deployment script." date="2026-01-26T02:58:04.823" /><!-- duration: 0ms -->
          <step title="Generating deployment script" date="2026-01-26T02:58:04.839" >
            <step title="Using the following command to generate deployment script: &apos;azure site deploymentscript -y --no-dot-deployment -r &quot;C:\local\Temp\zipdeploy\extracted&quot; -o &quot;C:\home\site\deployments\tools&quot; --node --sitePath &quot;C:\local\Temp\zipdeploy\extracted&quot;&apos;." date="2026-01-26T02:58:04.886" /><!-- duration: 0ms -->
            <step title="Executing external process" date="2026-01-26T02:58:04.948" type="process" path="starter.cmd" arguments="&quot;C:\Program Files (x86)\SiteExtensions\Kudu\2025.11.1.1\bin\node_modules\.bin\kuduscript.cmd&quot; -y --no-dot-deployment -r &quot;C:\local\Temp\zipdeploy\extracted&quot; -o &quot;C:\home\site\deployments\tools&quot; --node --sitePath &quot;C:\local\Temp\zipdeploy\extracted&quot;" >
              <step title="Generating deployment script for node.js Web Site" date="2026-01-26T02:58:05.057" /><!-- duration: 16ms -->
              <step title="Generated deployment script files" date="2026-01-26T02:58:05.089" /><!-- duration: 0ms -->
            </step><!-- duration: 156ms -->
            <step title="Saved cached version of the deployment script for command -y --no-dot-deployment -r &quot;C:\local\Temp\zipdeploy\extracted&quot; -o &quot;C:\home\site\deployments\tools&quot; --node --sitePath &quot;C:\local\Temp\zipdeploy\extracted&quot;" date="2026-01-26T02:58:05.104" /><!-- duration: 16ms -->
          </step><!-- duration: 281ms -->
          <step title="Running deployment command..." date="2026-01-26T02:58:05.182" /><!-- duration: 0ms -->
          <step title="Command: &quot;C:\home\site\deployments\tools\deploy.cmd&quot;" date="2026-01-26T02:58:05.198" /><!-- duration: 0ms -->
          <step title="Executing external process" date="2026-01-26T02:58:05.214" type="process" path="starter.cmd" arguments="&quot;C:\home\site\deployments\tools\deploy.cmd&quot;" >
            <step title="Handling node.js deployment." date="2026-01-26T02:58:05.323" /><!-- duration: 0ms -->
            <step title="Creating app_offline.htm" date="2026-01-26T02:58:05.745" /><!-- duration: 0ms -->
            <step title="KuduSync.NET from: &apos;C:\local\Temp\zipdeploy\extracted&apos; to: &apos;C:\home\site\wwwroot&apos;" date="2026-01-26T02:58:05.761" /><!-- duration: 0ms -->
            <step title="Deleting app_offline.htm" date="2026-01-26T02:58:05.776" /><!-- duration: 16ms -->
            <step title="Invalid start-up command &quot;nest start&quot; in package.json. Please use the format &quot;node &lt;script relative path&gt;&quot;." date="2026-01-26T02:58:05.807"             <step title="Looking for app.js/server.js under site root." date="2026-01-26T02:58:05.807" /><!-- duration: 16ms -->
            <step title="Missing server.js/app.js files, web.config is not generated" date="2026-01-26T02:58:05.839" /><!-- duration: 16ms -->
"The package.json file does not specify node.js engine version constraints." date="2026-01-26T02:58:05.854" /><!-- duration: 0ms -->
            <step title="The node.js application will run with the default node.js version 20.19.4." date="2026-01-26T02:58:05.870" /><!-- duration: 0ms -->
            <step title="Selected npm version 10.8.2" date="2026-01-26T02:58:05.886" /><!-- duration: 0ms -->
            <step title="npm warn config production Use `--omit=dev` instead." date="2026-01-26T02:58:06.495" /><!-- duration: 0ms -->
            <step title="npm warn deprecated npmlog@5.0.1: This package is no longer supported." date="2026-01-26T02:58:18.219" /><!-- duration: 16ms -->
            <step title="npm warn deprecated inflight@1.0.6: This module is not supported, and leaks memory. Do not use it. Check out lru-cache if you want a good and tested way to coalesce async requests by a key value, which is much more comprehensive and powerful." date="2026-01-26T02:58:18.751" /><!-- duration: 0ms -->
            <step title="npm warn deprecated rimraf@3.0.2: Rimraf versions prior to v4 are no longer supported" date="2026-01-26T02:58:19.939" /><!-- duration: 0ms -->
            <step title="npm warn deprecated glob@7.2.3: Glob versions prior to v9 are no longer supported" date="2026-01-26T02:58:20.877" /><!-- duration: 0ms -->
            <step title="npm warn deprecated are-we-there-yet@2.0.0: This package is no longer supported." date="2026-01-26T02:58:21.314" /><!-- duration: 0ms -->
            <step title="npm warn deprecated gauge@3.0.2: This package is no longer supported." date="2026-01-26T02:58:24.444" /><!-- duration: 0ms -->
            <step title="npm warn deprecated jpeg-exif@1.1.4: Package no longer supported. Contact Support at https://www.npmjs.com/support for more info." date="2026-01-26T02:58:26.491" /><!-- duration: 0ms -->
            <step title="npm warn deprecated tar@6.2.1: Old versions of tar are not supported, and contain widely publicized security vulnerabilities, which have been fixed in the current version. Please update. Support for old versions may be purchased (at exhorbitant rates) by contacting i@izs.me" date="2026-01-26T02:58:26.616" /><!-- duration: 0ms -->
            <step title="Cpu: python(12936,0.031s)+py(12504,0.031s)+node(13760,0.109s)+node(720,0.453s)+cmd(16180,0.047s)+node(4808,21.000s)+cmd(13640,0.063s)=total(21.734s)" date="2026-01-26T02:59:26.779" /><!-- duration: 0ms -->
            <step title="starter.cmd: no io activity for 60s, prev-cpu=-1.000s, current-cpu=21.734s" date="2026-01-26T02:59:26.795" /><!-- duration: 0ms -->
            <step title="Cpu: node(4808,27.375s)+cmd(13640,0.063s)=total(27.438s)" date="2026-01-26T03:00:27.269" /><!-- duration: 16ms -->
            <step title="starter.cmd: no io activity for 121s, prev-cpu=21.734s, current-cpu=27.438s" date="2026-01-26T03:00:27.284" /><!-- duration: 0ms -->
            <step title="npm warn cleanup Failed to remove some directories [" date="2026-01-26T03:00:42.445" /><!-- duration: 16ms -->
            <step title="npm warn cleanup   [" date="2026-01-26T03:00:42.461" /><!-- duration: 16ms -->
            <step title="npm warn cleanup     &apos;C:\\home\\site\\wwwroot\\node_modules&apos;," date="2026-01-26T03:00:42.477" /><!-- duration: 16ms -->
            <step title="npm warn cleanup     [Error: EPERM: operation not permitted, rmdir &apos;C:\home\site\wwwroot\node_modules\@babel&apos;] {" date="2026-01-26T03:00:42.508" /><!-- duration: 0ms -->
            <step title="npm warn cleanup       errno: -4048," date="2026-01-26T03:00:42.523" /><!-- duration: 0ms -->
            <step title="npm warn cleanup       code: &apos;EPERM&apos;," date="2026-01-26T03:00:42.539" /><!-- duration: 16ms -->
            <step title="npm warn cleanup       syscall: &apos;rmdir&apos;," date="2026-01-26T03:00:42.570" /><!-- duration: 0ms -->
            <step title="npm warn cleanup       path: &apos;C:\\home\\site\\wwwroot\\node_modules\\@babel&apos;" date="2026-01-26T03:00:42.586" /><!-- duration: 0ms -->
            <step title="npm warn cleanup     }" date="2026-01-26T03:00:42.602" /><!-- duration: 0ms -->
            <step title="npm warn cleanup   ]," date="2026-01-26T03:00:42.617" /><!-- duration: 16ms -->
            <step title="npm warn cleanup   [" date="2026-01-26T03:00:42.648" /><!-- duration: 0ms -->
            <step title="npm warn cleanup     &apos;C:\\home\\site\\wwwroot\\node_modules\\mysql2&apos;," date="2026-01-26T03:00:42.664" /><!-- duration: 0ms -->
            <step title="npm warn cleanup     [Error: EPERM: operation not permitted, rmdir &apos;C:\home\site\wwwroot\node_modules\mysql2\typings\mysql\lib\protocol&apos;] {" date="2026-01-26T03:00:42.680" /><!-- duration: 0ms -->
            <step title="npm warn cleanup       errno: -4048," date="2026-01-26T03:00:42.695" /><!-- duration: 16ms -->
            <step title="npm warn cleanup       code: &apos;EPERM&apos;," date="2026-01-26T03:00:42.711" /><!-- duration: 16ms -->
            <step title="npm warn cleanup       syscall: &apos;rmdir&apos;," date="2026-01-26T03:00:42.742" /><!-- duration: 0ms -->
            <step title="npm warn cleanup       path: &apos;C:\\home\\site\\wwwroot\\node_modules\\mysql2\\typings\\mysql\\lib\\protocol&apos;" date="2026-01-26T03:00:42.758" /><!-- duration: 0ms -->
            <step title="npm warn cleanup     }" date="2026-01-26T03:00:42.773" /><!-- duration: 16ms -->
            <step title="npm warn cleanup   ]," date="2026-01-26T03:00:42.789" /><!-- duration: 16ms -->
            <step title="npm warn cleanup   [" date="2026-01-26T03:00:42.820" /><!-- duration: 0ms -->
            <step title="npm warn cleanup     &apos;C:\\home\\site\\wwwroot\\node_modules\\@cspotcode&apos;," date="2026-01-26T03:00:42.836" /><!-- duration: 0ms -->
            <step title="npm warn cleanup     [Error: EPERM: operation not permitted, rmdir &apos;C:\home\site\wwwroot\node_modules\@cspotcode\source-map-support\node_modules&apos;] {" date="2026-01-26T03:00:42.852" /><!-- duration: 0ms -->
            <step title="npm warn cleanup       errno: -4048," date="2026-01-26T03:00:42.867" /><!-- duration: 16ms -->
            <step title="npm warn cleanup       code: &apos;EPERM&apos;," date="2026-01-26T03:00:42.883" /><!-- duration: 16ms -->
            <step title="npm warn cleanup       syscall: &apos;rmdir&apos;," date="2026-01-26T03:00:42.914" /><!-- duration: 0ms -->
            <step title="npm warn cleanup       path: &apos;C:\\home\\site\\wwwroot\\node_modules\\@cspotcode\\source-map-support\\node_modules&apos;" date="2026-01-26T03:00:42.930" /><!-- duration: 0ms -->
            <step title="npm warn cleanup     }" date="2026-01-26T03:00:42.945" /><!-- duration: 0ms -->
            <step title="npm warn cleanup   ]" date="2026-01-26T03:00:42.961" /><!-- duration: 16ms -->
            <step title="npm warn cleanup ]" date="2026-01-26T03:00:42.992" /><!-- duration: 0ms -->
            <step title="npm error code 1" date="2026-01-26T03:00:43.008" /><!-- duration: 0ms -->
            <step title="npm error path C:\home\site\wwwroot\node_modules\bcrypt" date="2026-01-26T03:00:43.023" /><!-- duration: 0ms -->
            <step title="npm error command failed" date="2026-01-26T03:00:43.039" /><!-- duration: 0ms -->
            <step title="npm error command C:\Windows\system32\cmd.exe /d /s /c node-pre-gyp install --fallback-to-build" date="2026-01-26T03:00:43.055" /><!-- duration: 16ms -->
            <step title="npm error Failed to execute &apos;C:\Program Files (x86)\nodejs\20.19.4\node.exe C:\Program Files (x86)\npm\10.8.2\node_modules\npm\node_modules\node-gyp\bin\node-gyp.js configure --fallback-to-build --module=C:\home\site\wwwroot\node_modules\bcrypt\lib\binding\napi-v3\bcrypt_lib.node --module_name=bcrypt_lib --module_path=C:\home\site\wwwroot\node_modules\bcrypt\lib\binding\napi-v3 --napi_version=9 --node_abi_napi=napi --napi_build_version=3 --node_napi_label=napi-v3&apos; (1)" date="2026-01-26T03:00:43.086" /><!-- duration: 0ms -->
            <step title="npm error node-pre-gyp info it worked if it ends with ok" date="2026-01-26T03:00:43.102" /><!-- duration: 16ms -->
            <step title="npm error node-pre-gyp info using node-pre-gyp@1.0.11" date="2026-01-26T03:00:43.133" /><!-- duration: 0ms -->
            <step title="npm error node-pre-gyp info using node@20.19.4 | win32 | ia32" date="2026-01-26T03:00:43.148" /><!-- duration: 0ms -->
            <step title="npm error node-pre-gyp info check checked for &quot;C:\home\site\wwwroot\node_modules\bcrypt\lib\binding\napi-v3\bcrypt_lib.node&quot; (not found)" date="2026-01-26T03:00:43.164" /><!-- duration: 0ms -->
            <step title="npm error node-pre-gyp http GET https://github.com/kelektiv/node.bcrypt.js/releases/download/v5.1.1/bcrypt_lib-v5.1.1-napi-v3-win32-ia32-unknown.tar.gz" date="2026-01-26T03:00:43.258" /><!-- duration: 0ms -->
            <step title="npm error node-pre-gyp ERR! install response status 404 Not Found on https://github.com/kelektiv/node.bcrypt.js/releases/download/v5.1.1/bcrypt_lib-v5.1.1-napi-v3-win32-ia32-unknown.tar.gz " date="2026-01-26T03:00:43.273" /><!-- duration: 16ms -->
            <step title="npm error node-pre-gyp WARN Pre-built binaries not installable for bcrypt@5.1.1 and node@20.19.4 (node-v115 ABI, unknown) (falling back to source compile with node-gyp) " date="2026-01-26T03:00:43.289" /><!-- duration: 16ms -->
            <step title="npm error node-pre-gyp WARN Hit error response status 404 Not Found on https://github.com/kelektiv/node.bcrypt.js/releases/download/v5.1.1/bcrypt_lib-v5.1.1-napi-v3-win32-ia32-unknown.tar.gz " date="2026-01-26T03:00:43.320" /><!-- duration: 0ms -->
            <step title="npm error gyp info it worked if it ends with ok" date="2026-01-26T03:00:43.336" /><!-- duration: 0ms -->
            <step title="npm error gyp info using node-gyp@10.1.0" date="2026-01-26T03:00:43.352" /><!-- duration: 16ms -->
            <step title="npm error gyp info using node@20.19.4 | win32 | ia32" date="2026-01-26T03:00:43.383" /><!-- duration: 0ms -->
            <step title="npm error gyp info ok " date="2026-01-26T03:00:43.399" /><!-- duration: 0ms -->
            <step title="npm error gyp info it worked if it ends with ok" date="2026-01-26T03:00:43.430" /><!-- duration: 0ms -->
            <step title="npm error gyp info using node-gyp@10.1.0" date="2026-01-26T03:00:43.445" /><!-- duration: 0ms -->
            <step title="npm error gyp info using node@20.19.4 | win32 | ia32" date="2026-01-26T03:00:43.461" /><!-- duration: 0ms -->
            <step title="npm error gyp info find Python using Python version 3.6.8 found at &quot;C:\Python34\python.exe&quot;" date="2026-01-26T03:00:43.477" /><!-- duration: 16ms -->
            <step title="npm error gyp http GET https://nodejs.org/download/release/v20.19.4/node-v20.19.4-headers.tar.gz" date="2026-01-26T03:00:43.508" /><!-- duration: 0ms -->
            <step title="npm error gyp http 200 https://nodejs.org/download/release/v20.19.4/node-v20.19.4-headers.tar.gz" date="2026-01-26T03:00:43.523" /><!-- duration: 0ms -->
            <step title="npm error gyp http GET https://nodejs.org/download/release/v20.19.4/SHASUMS256.txt" date="2026-01-26T03:00:43.539" /><!-- duration: 16ms -->
            <step title="npm error gyp http GET https://nodejs.org/download/release/v20.19.4/win-x86/node.lib" date="2026-01-26T03:00:43.570" /><!-- duration: 0ms -->
            <step title="npm error gyp http 200 https://nodejs.org/download/release/v20.19.4/SHASUMS256.txt" date="2026-01-26T03:00:43.586" /><!-- duration: 0ms -->
            <step title="npm error gyp http 200 https://nodejs.org/download/release/v20.19.4/win-x86/node.lib" date="2026-01-26T03:00:43.602" /><!-- duration: 0ms -->
            <step title="npm error gyp ERR! find VS " date="2026-01-26T03:00:43.617" /><!-- duration: 0ms -->
            <step title="npm error gyp ERR! find VS msvs_version not set from command line or npm config" date="2026-01-26T03:00:43.633" /><!-- duration: 16ms -->
            <step title="npm error gyp ERR! find VS VCINSTALLDIR not set, not running in VS Command Prompt" date="2026-01-26T03:00:43.664" /><!-- duration: 0ms -->
            <step title="npm error gyp ERR! find VS could not use PowerShell to find Visual Studio 2017 or newer, try re-running with &apos;--loglevel silly&apos; for more details." date="2026-01-26T03:00:43.680" /><!-- duration: 0ms -->
            <step title="npm error gyp ERR! find VS " date="2026-01-26T03:00:43.695" /><!-- duration: 0ms -->
            <step title="npm error gyp ERR! find VS Failure details: undefined" date="2026-01-26T03:00:43.711" /><!-- duration: 16ms -->
            <step title="npm error gyp ERR! find VS could not use PowerShell to find Visual Studio 2017 or newer, try re-running with &apos;--loglevel silly&apos; for more details." date="2026-01-26T03:00:43.727" /><!-- duration: 16ms -->
            <step title="npm error gyp ERR! find VS " date="2026-01-26T03:00:43.742" /><!-- duration: 16ms -->
            <step title="npm error gyp ERR! find VS Failure details: undefined" date="2026-01-26T03:00:43.773" /><!-- duration: 0ms -->
            <step title="npm error gyp ERR! find VS could not use PowerShell to find Visual Studio 2017 or newer, try re-running with &apos;--loglevel silly&apos; for more details." date="2026-01-26T03:00:43.789" /><!-- duration: 0ms -->
            <step title="npm error gyp ERR! find VS " date="2026-01-26T03:00:43.805" /><!-- duration: 16ms -->
            <step title="npm error gyp ERR! find VS Failure details: undefined" date="2026-01-26T03:00:43.820" /><!-- duration: 16ms -->
            <step title="npm error gyp ERR! find VS could not use PowerShell to find Visual Studio 2017 or newer, try re-running with &apos;--loglevel silly&apos; for more details." date="2026-01-26T03:00:43.852" /><!-- duration: 0ms -->
            <step title="Failed exitCode=1, command=&quot;C:\Program Files (x86)\nodejs\20.19.4\node.exe&quot; &quot;C:\Program Files (x86)\npm\10.8.2\node_modules\npm\bin\npm-cli.js&quot; install --production" date="2026-01-26T03:00:43.867"               <step title="npm error gyp ERR! find VS " date="2026-01-26T03:00:43.867" /><!-- duration: 0ms -->
            <step title="An error has occurred during web site deployment." date="2026-01-26T03:00:43.883" /><!-- duration: 0ms -->
>
            <step title="npm error gyp ERR! find VS Failure details: undefined" date="2026-01-26T03:00:43.883" /><!-- duration: 16ms -->
            <step title="npm error gyp ERR! find VS not looking for VS2015 as it is only supported up to Node.js 18" date="2026-01-26T03:00:43.914" /><!-- duration: 0ms -->
            <step title="npm error gyp ERR! find VS not looking for VS2013 as it is only supported up to Node.js 8" date="2026-01-26T03:00:43.930" /><!-- duration: 0ms -->
            <step title="npm error gyp ERR! find VS " date="2026-01-26T03:00:43.945" /><!-- duration: 16ms -->
            <step title="npm error gyp ERR! find VS **************************************************************" date="2026-01-26T03:00:43.961" /><!-- duration: 16ms -->
            <step title="npm error gyp ERR! find VS You need to install the latest version of Visual Studio" date="2026-01-26T03:00:43.992" /><!-- duration: 0ms -->
            <step title="npm error gyp ERR! find VS including the &quot;Desktop development with C++&quot; workload." date="2026-01-26T03:00:44.008" /><!-- duration: 0ms -->
            <step title="npm error gyp ERR! find VS For more information consult the documentation at:" date="2026-01-26T03:00:44.023" /><!-- duration: 0ms -->
            <step title="npm error gyp ERR! find VS https://github.com/nodejs/node-gyp#on-windows" date="2026-01-26T03:00:44.039" /><!-- duration: 0ms -->
            <step title="npm error gyp ERR! find VS **************************************************************" date="2026-01-26T03:00:44.070" /><!-- duration: 0ms -->
            <step title="npm error gyp ERR! find VS " date="2026-01-26T03:00:44.086" /><!-- duration: 0ms -->
            <step title="npm error gyp ERR! configure error " date="2026-01-26T03:00:44.102" /><!-- duration: 0ms -->
            <step title="npm error gyp ERR! stack Error: Could not find any Visual Studio installation to use" date="2026-01-26T03:00:44.117" /><!-- duration: 16ms -->
            <step title="npm error gyp ERR! stack at VisualStudioFinder.fail (C:\Program Files (x86)\npm\10.8.2\node_modules\npm\node_modules\node-gyp\lib\find-visualstudio.js:116:11)" date="2026-01-26T03:00:44.148" /><!-- duration: 0ms -->
            <step title="npm error gyp ERR! stack at VisualStudioFinder.findVisualStudio (C:\Program Files (x86)\npm\10.8.2\node_modules\npm\node_modules\node-gyp\lib\find-visualstudio.js:72:17)" date="2026-01-26T03:00:44.164" /><!-- duration: 0ms -->
            <step title="npm error gyp ERR! stack at process.processTicksAndRejections (node:internal/process/task_queues:95:5)" date="2026-01-26T03:00:44.180" /><!-- duration: 0ms -->
            <step title="npm error gyp ERR! stack at async createBuildDir (C:\Program Files (x86)\npm\10.8.2\node_modules\npm\node_modules\node-gyp\lib\configure.js:95:26)" date="2026-01-26T03:00:44.195" /><!-- duration: 16ms -->
            <step title="npm error gyp ERR! stack at async run (C:\Program Files (x86)\npm\10.8.2\node_modules\npm\node_modules\node-gyp\bin\node-gyp.js:81:18)" date="2026-01-26T03:00:44.227" /><!-- duration: 0ms -->
            <step title="npm error gyp ERR! System Windows_NT 10.0.20348" date="2026-01-26T03:00:44.242" /><!-- duration: 16ms -->
            <step title="npm error gyp ERR! command &quot;C:\\Program Files (x86)\\nodejs\\20.19.4\\node.exe&quot; &quot;C:\\Program Files (x86)\\npm\\10.8.2\\node_modules\\npm\\node_modules\\node-gyp\\bin\\node-gyp.js&quot; &quot;configure&quot; &quot;--fallback-to-build&quot; &quot;--module=C:\\home\\site\\wwwroot\\node_modules\\bcrypt\\lib\\binding\\napi-v3\\bcrypt_lib.node&quot; &quot;--module_name=bcrypt_lib&quot; &quot;--module_path=C:\\home\\site\\wwwroot\\node_modules\\bcrypt\\lib\\binding\\napi-v3&quot; &quot;--napi_version=9&quot; &quot;--node_abi_napi=napi&quot; &quot;--napi_build_version=3&quot; &quot;--node_napi_label=napi-v3&quot;" date="2026-01-26T03:00:44.258" /><!-- duration: 16ms -->
            <step title="npm error gyp ERR! cwd C:\home\site\wwwroot\node_modules\bcrypt" date="2026-01-26T03:00:44.289" /><!-- duration: 0ms -->
            <step title="npm error gyp ERR! node -v v20.19.4" date="2026-01-26T03:00:44.305" /><!-- duration: 0ms -->
            <step title="npm error gyp ERR! node-gyp -v v10.1.0" date="2026-01-26T03:00:44.320" /><!-- duration: 16ms -->
            <step title="npm error gyp ERR! not ok " date="2026-01-26T03:00:44.336" /><!-- duration: 16ms -->
            <step title="npm error node-pre-gyp ERR! build error " date="2026-01-26T03:00:44.352" /><!-- duration: 16ms -->
            <step title="npm error node-pre-gyp ERR! stack Error: Failed to execute &apos;C:\Program Files (x86)\nodejs\20.19.4\node.exe C:\Program Files (x86)\npm\10.8.2\node_modules\npm\node_modules\node-gyp\bin\node-gyp.js configure --fallback-to-build --module=C:\home\site\wwwroot\node_modules\bcrypt\lib\binding\napi-v3\bcrypt_lib.node --module_name=bcrypt_lib --module_path=C:\home\site\wwwroot\node_modules\bcrypt\lib\binding\napi-v3 --napi_version=9 --node_abi_napi=napi --napi_build_version=3 --node_napi_label=napi-v3&apos; (1)" date="2026-01-26T03:00:44.367" /><!-- duration: 16ms -->
            <step title="npm error node-pre-gyp ERR! stack     at ChildProcess.&lt;anonymous&gt; (C:\home\site\wwwroot\node_modules\@mapbox\node-pre-gyp\lib\util\compile.js:89:23)" date="2026-01-26T03:00:44.398" /><!-- duration: 0ms -->
            <step title="npm error node-pre-gyp ERR! stack     at ChildProcess.emit (node:events:524:28)" date="2026-01-26T03:00:44.414" /><!-- duration: 0ms -->
            <step title="npm error node-pre-gyp ERR! stack     at maybeClose (node:internal/child_process:1104:16)" date="2026-01-26T03:00:44.430" /><!-- duration: 16ms -->
            <step title="npm error node-pre-gyp ERR! stack     at ChildProcess._handle.onexit (node:internal/child_process:304:5)" date="2026-01-26T03:00:44.461" /><!-- duration: 0ms -->
            <step title="npm error node-pre-gyp ERR! System Windows_NT 10.0.20348" date="2026-01-26T03:00:44.477" /><!-- duration: 0ms -->
            <step title="npm error node-pre-gyp ERR! command &quot;C:\\Program Files (x86)\\nodejs\\20.19.4\\node.exe&quot; &quot;C:\\home\\site\\wwwroot\\node_modules\\@mapbox\\node-pre-gyp\\bin\\node-pre-gyp&quot; &quot;install&quot; &quot;--fallback-to-build&quot;" date="2026-01-26T03:00:44.492" /><!-- duration: 0ms -->
            <step title="npm error node-pre-gyp ERR! cwd C:\home\site\wwwroot\node_modules\bcrypt" date="2026-01-26T03:00:44.508" /><!-- duration: 16ms -->
            <step title="npm error node-pre-gyp ERR! node -v v20.19.4" date="2026-01-26T03:00:44.570" /><!-- duration: 0ms -->
            <step title="npm error node-pre-gyp ERR! node-pre-gyp -v v1.0.11" date="2026-01-26T03:00:44.586" /><!-- duration: 0ms -->
            <step title="npm error node-pre-gyp ERR! not ok" date="2026-01-26T03:00:44.602" /><!-- duration: 16ms -->
            <step title="npm notice" date="2026-01-26T03:00:44.617" /><!-- duration: 16ms -->
            <step title="npm notice New major version of npm available! 10.8.2 -&gt; 11.8.0" date="2026-01-26T03:00:44.648" /><!-- duration: 0ms -->
            <step title="npm notice Changelog: https://github.com/npm/cli/releases/tag/v11.8.0" date="2026-01-26T03:00:44.695" /><!-- duration: 0ms -->
            <step title="npm notice To update run: npm install -g npm@11.8.0" date="2026-01-26T03:00:44.711" /><!-- duration: 0ms -->
            <step title="npm notice" date="2026-01-26T03:00:44.727" /><!-- duration: 0ms -->
            <step title="npm error A complete log of this run can be found in: C:\local\LocalAppData\npm-cache\_logs\2026-01-26T02_58_06_401Z-debug-0.log" date="2026-01-26T03:00:44.742" /><!-- duration: 16ms -->
            <step title="Process dump" date="2026-01-26T03:00:44.758" exitCode="255" type="processOutput" /><!-- duration: 16ms -->
          </step><!-- duration: 159560ms -->
          <step title="Invalid start-up command &quot;nest start&quot; in package.json. Please use the format &quot;node &lt;script relative path&gt;&quot;.
Missing server.js/app.js files, web.config is not generated
npm warn config production Use `--omit=dev` instead.
npm warn deprecated npmlog@5.0.1: This package is no longer supported.
npm warn deprecated inflight@1.0.6: This module is not supported, and leaks memory. Do not use it. Check out lru-cache if you want a good and tested way to coalesce async requests by a key value, which is much more comprehensive and powerful.
npm warn deprecated rimraf@3.0.2: Rimraf versions prior to v4 are no longer supported
npm warn deprecated glob@7.2.3: Glob versions prior to v9 are no longer supported
npm warn deprecated are-we-there-yet@2.0.0: This package is no longer supported.
npm warn deprecated gauge@3.0.2: This package is no longer supported.
npm warn deprecated jpeg-exif@1.1.4: Package no longer supported. Contact Support at https://www.npmjs.com/support for more info.
npm warn deprecated tar@6.2.1: Old versions of tar are not supported, and contain widely publicized security vulnerabilities, which have been fixed in the current version. Please update. Support for old versions may be purchased (at exhorbitant rates) by contacting i@izs.me
npm warn cleanup Failed to remove some directories [
npm warn cleanup   [
npm warn cleanup     &apos;C:\\home\\site\\wwwroot\\node_modules&apos;,
npm warn cleanup     [Error: EPERM: operation not permitted, rmdir &apos;C:\home\site\wwwroot\node_modules\@babel&apos;] {
npm warn cleanup       errno: -4048,
npm warn cleanup       code: &apos;EPERM&apos;,
npm warn cleanup       syscall: &apos;rmdir&apos;,
npm warn cleanup       path: &apos;C:\\home\\site\\wwwroot\\node_modules\\@babel&apos;
npm warn cleanup     }
npm warn cleanup   ],
npm warn cleanup   [
npm warn cleanup     &apos;C:\\home\\site\\wwwroot\\node_modules\\mysql2&apos;,
npm warn cleanup     [Error: EPERM: operation not permitted, rmdir &apos;C:\home\site\wwwroot\node_modules\mysql2\typings\mysql\lib\protocol&apos;] {
npm warn cleanup       errno: -4048,
npm warn cleanup       code: &apos;EPERM&apos;,
npm warn cleanup       syscall: &apos;rmdir&apos;,
npm warn cleanup       path: &apos;C:\\home\\site\\wwwroot\\node_modules\\mysql2\\typings\\mysql\\lib\\protocol&apos;
npm warn cleanup     }
npm warn cleanup   ],
npm warn cleanup   [
npm warn cleanup     &apos;C:\\home\\site\\wwwroot\\node_modules\\@cspotcode&apos;,
npm warn cleanup     [Error: EPERM: operation not permitted, rmdir &apos;C:\home\site\wwwroot\node_modules\@cspotcode\source-map-support\node_modules&apos;] {
npm warn cleanup       errno: -4048,
npm warn cleanup       code: &apos;EPERM&apos;,
npm warn cleanup       syscall: &apos;rmdir&apos;,
npm warn cleanup       path: &apos;C:\\home\\site\\wwwroot\\node_modules\\@cspotcode\\source-map-support\\node_modules&apos;
npm warn cleanup     }
npm warn cleanup   ]
npm warn cleanup ]
npm error code 1
npm error path C:\home\site\wwwroot\node_modules\bcrypt
npm error command failed
npm error command C:\Windows\system32\cmd.exe /d /s /c node-pre-gyp install --fallback-to-build
npm error Failed to execute &apos;C:\Program Files (x86)\nodejs\20.19.4\node.exe C:\Program Files (x86)\npm\10.8.2\node_modules\npm\node_modules\node-gyp\bin\node-gyp.js configure --fallback-to-build --module=C:\home\site\wwwroot\node_modules\bcrypt\lib\binding\napi-v3\bcrypt_lib.node --module_name=bcrypt_lib --module_path=C:\home\site\wwwroot\node_modules\bcrypt\lib\binding\napi-v3 --napi_version=9 --node_abi_napi=napi --napi_build_version=3 --node_napi_label=napi-v3&apos; (1)
npm error node-pre-gyp info it worked if it ends with ok
npm error node-pre-gyp info using node-pre-gyp@1.0.11
npm error node-pre-gyp info using node@20.19.4 | win32 | ia32
npm error node-pre-gyp info check checked for &quot;C:\home\site\wwwroot\node_modules\bcrypt\lib\binding\napi-v3\bcrypt_lib.node&quot; (not found)
npm error node-pre-gyp http GET https://github.com/kelektiv/node.bcrypt.js/releases/download/v5.1.1/bcrypt_lib-v5.1.1-napi-v3-win32-ia32-unknown.tar.gz
npm error node-pre-gyp ERR! install response status 404 Not Found on https://github.com/kelektiv/node.bcrypt.js/releases/download/v5.1.1/bcrypt_lib-v5.1.1-napi-v3-win32-ia32-unknown.tar.gz 
npm error node-pre-gyp WARN Pre-built binaries not installable for bcrypt@5.1.1 and node@20.19.4 (node-v115 ABI, unknown) (falling back to source compile with node-gyp) 
npm error node-pre-gyp WARN Hit error response status 404 Not Found on https://github.com/kelektiv/node.bcrypt.js/releases/download/v5.1.1/bcrypt_lib-v5.1.1-napi-v3-win32-ia32-unknown.tar.gz 
npm error gyp info it worked if it ends with ok
npm error gyp info using node-gyp@10.1.0
npm error gyp info using node@20.19.4 | win32 | ia32
npm error gyp info ok 
npm error gyp info it worked if it ends with ok
npm error gyp info using node-gyp@10.1.0
npm error gyp info using node@20.19.4 | win32 | ia32
npm error gyp info find Python using Python version 3.6.8 found at &quot;C:\Python34\python.exe&quot;
npm error gyp http GET https://nodejs.org/download/release/v20.19.4/node-v20.19.4-headers.tar.gz
npm error gyp http 200 https://nodejs.org/download/release/v20.19.4/node-v20.19.4-headers.tar.gz
npm error gyp http GET https://nodejs.org/download/release/v20.19.4/SHASUMS256.txt
npm error gyp http GET https://nodejs.org/download/release/v20.19.4/win-x86/node.lib
npm error gyp http 200 https://nodejs.org/download/release/v20.19.4/SHASUMS256.txt
npm error gyp http 200 https://nodejs.org/download/release/v20.19.4/win-x86/node.lib
npm error gyp ERR! find VS 
npm error gyp ERR! find VS msvs_version not set from command line or npm config
npm error gyp ERR! find VS VCINSTALLDIR not set, not running in VS Command Prompt
npm error gyp ERR! find VS could not use PowerShell to find Visual Studio 2017 or newer, try re-running with &apos;--loglevel silly&apos; for more details.
npm error gyp ERR! find VS 
npm error gyp ERR! find VS Failure details: undefined
npm error gyp ERR! find VS could not use PowerShell to find Visual Studio 2017 or newer, try re-running with &apos;--loglevel silly&apos; for more details.
npm error gyp ERR! find VS 
npm error gyp ERR! find VS Failure details: undefined
npm error gyp ERR! find VS could not use PowerShell to find Visual Studio 2017 or newer, try re-running with &apos;--loglevel silly&apos; for more details.
npm error gyp ERR! find VS 
npm error gyp ERR! find VS Failure details: undefined
npm error gyp ERR! find VS could not use PowerShell to find Visual Studio 2017 or newer, try re-running with &apos;--loglevel silly&apos; for more details.
npm error gyp ERR! find VS 
npm error gyp ERR! find VS Failure details: undefined
npm error gyp ERR! find VS not looking for VS2015 as it is only supported up to Node.js 18
npm error gyp ERR! find VS not looking for VS2013 as it is only supported up to Node.js 8
npm error gyp ERR! find VS 
npm error gyp ERR! find VS **************************************************************
npm error gyp ERR! find VS You need to install the latest version of Visual Studio
npm error gyp ERR! find VS including the &quot;Desktop development with C++&quot; workload.
npm error gyp ERR! find VS For more information consult the documentation at:
npm error gyp ERR! find VS https://github.com/nodejs/node-gyp#on-windows
npm error gyp ERR! find VS **************************************************************
npm error gyp ERR! find VS 
npm error gyp ERR! configure error 
npm error gyp ERR! stack Error: Could not find any Visual Studio installation to use
npm error gyp ERR! stack at VisualStudioFinder.fail (C:\Program Files (x86)\npm\10.8.2\node_modules\npm\node_modules\node-gyp\lib\find-visualstudio.js:116:11)
npm error gyp ERR! stack at VisualStudioFinder.findVisualStudio (C:\Program Files (x86)\npm\10.8.2\node_modules\npm\node_modules\node-gyp\lib\find-visualstudio.js:72:17)
npm error gyp ERR! stack at process.processTicksAndRejections (node:internal/process/task_queues:95:5)
npm error gyp ERR! stack at async createBuildDir (C:\Program Files (x86)\npm\10.8.2\node_modules\npm\node_modules\node-gyp\lib\configure.js:95:26)
npm error gyp ERR! stack at async run (C:\Program Files (x86)\npm\10.8.2\node_modules\npm\node_modules\node-gyp\bin\node-gyp.js:81:18)
npm error gyp ERR! System Windows_NT 10.0.20348
npm error gyp ERR! command &quot;C:\\Program Files (x86)\\nodejs\\20.19.4\\node.exe&quot; &quot;C:\\Program Files (x86)\\npm\\10.8.2\\node_modules\\npm\\node_modules\\node-gyp\\bin\\node-gyp.js&quot; &quot;configure&quot; &quot;--fallback-to-build&quot; &quot;--module=C:\\home\\site\\wwwroot\\node_modules\\bcrypt\\lib\\binding\\napi-v3\\bcrypt_lib.node&quot; &quot;--module_name=bcrypt_lib&quot; &quot;--module_path=C:\\home\\site\\wwwroot\\node_modules\\bcrypt\\lib\\binding\\napi-v3&quot; &quot;--napi_version=9&quot; &quot;--node_abi_napi=napi&quot; &quot;--napi_build_version=3&quot; &quot;--node_napi_label=napi-v3&quot;
npm error gyp ERR! cwd C:\home\site\wwwroot\node_modules\bcrypt
npm error gyp ERR! node -v v20.19.4
npm error gyp ERR! node-gyp -v v10.1.0
npm error gyp ERR! not ok 
npm error node-pre-gyp ERR! build error 
npm error node-pre-gyp ERR! stack Error: Failed to execute &apos;C:\Program Files (x86)\nodejs\20.19.4\node.exe C:\Program Files (x86)\npm\10.8.2\node_modules\npm\node_modules\node-gyp\bin\node-gyp.js configure --fallback-to-build --module=C:\home\site\wwwroot\node_modules\bcrypt\lib\binding\napi-v3\bcrypt_lib.node --module_name=bcrypt_lib --module_path=C:\home\site\wwwroot\node_modules\bcrypt\lib\binding\napi-v3 --napi_version=9 --node_abi_napi=napi --napi_build_version=3 --node_napi_label=napi-v3&apos; (1)
npm error node-pre-gyp ERR! stack     at ChildProcess.&lt;anonymous&gt; (C:\home\site\wwwroot\node_modules\@mapbox\node-pre-gyp\lib\util\compile.js:89:23)
npm error node-pre-gyp ERR! stack     at ChildProcess.emit (node:events:524:28)
npm error node-pre-gyp ERR! stack     at maybeClose (node:internal/child_process:1104:16)
npm error node-pre-gyp ERR! stack     at ChildProcess._handle.onexit (node:internal/child_process:304:5)
npm error node-pre-gyp ERR! System Windows_NT 10.0.20348
npm error node-pre-gyp ERR! command &quot;C:\\Program Files (x86)\\nodejs\\20.19.4\\node.exe&quot; &quot;C:\\home\\site\\wwwroot\\node_modules\\@mapbox\\node-pre-gyp\\bin\\node-pre-gyp&quot; &quot;install&quot; &quot;--fallback-to-build&quot;
npm error node-pre-gyp ERR! cwd C:\home\site\wwwroot\node_modules\bcrypt
npm error node-pre-gyp ERR! node -v v20.19.4
npm error node-pre-gyp ERR! node-pre-gyp -v v1.0.11
npm error node-pre-gyp ERR! not ok
npm notice
npm notice New major version of npm available! 10.8.2 -&gt; 11.8.0
npm notice Changelog: https://github.com/npm/cli/releases/tag/v11.8.0
npm notice To update run: npm install -g npm@11.8.0
npm notice
npm error A complete log of this run can be found in: C:\local\LocalAppData\npm-cache\_logs\2026-01-26T02_58_06_401Z-debug-0.log
C:\Program Files (x86)\SiteExtensions\Kudu\2025.11.1.1\bin\Scripts\starter.cmd &quot;C:\home\site\deployments\tools\deploy.cmd&quot; DEPLOYMENTINFO: deploymentPath = OneDeploy, deployer = OneDeploy, os = windows, sku = Free, siteName = finanzia, siteHostName = finanzia.azurewebsites.net, deploymentStatus = Error" date="2026-01-26T03:00:44.789" /><!-- duration: 0ms -->
          <step title="Error occurred" date="2026-01-26T03:00:44.820" type="error" text="Invalid start-up command &quot;nest start&quot; in package.json. Please use the format &quot;node &lt;script relative path&gt;&quot;.
Missing server.js/app.js files, web.config is not generated
npm warn config production Use `--omit=dev` instead.
npm warn deprecated npmlog@5.0.1: This package is no longer supported.
npm warn deprecated inflight@1.0.6: This module is not supported, and leaks memory. Do not use it. Check out lru-cache if you want a good and tested way to coalesce async requests by a key value, which is much more comprehensive and powerful.
npm warn deprecated rimraf@3.0.2: Rimraf versions prior to v4 are no longer supported
npm warn deprecated glob@7.2.3: Glob versions prior to v9 are no longer supported
npm warn deprecated are-we-there-yet@2.0.0: This package is no longer supported.
npm warn deprecated gauge@3.0.2: This package is no longer supported.
npm warn deprecated jpeg-exif@1.1.4: Package no longer supported. Contact Support at https://www.npmjs.com/support for more info.
npm warn deprecated tar@6.2.1: Old versions of tar are not supported, and contain widely publicized security vulnerabilities, which have been fixed in the current version. Please update. Support for old versions may be purchased (at exhorbitant rates) by contacting i@izs.me
npm warn cleanup Failed to remove some directories [
npm warn cleanup   [
npm warn cleanup     &apos;C:\\home\\site\\wwwroot\\node_modules&apos;,
npm warn cleanup     [Error: EPERM: operation not permitted, rmdir &apos;C:\home\site\wwwroot\node_modules\@babel&apos;] {
npm warn cleanup       errno: -4048,
npm warn cleanup       code: &apos;EPERM&apos;,
npm warn cleanup       syscall: &apos;rmdir&apos;,
npm warn cleanup       path: &apos;C:\\home\\site\\wwwroot\\node_modules\\@babel&apos;
npm warn cleanup     }
npm warn cleanup   ],
npm warn cleanup   [
npm warn cleanup     &apos;C:\\home\\site\\wwwroot\\node_modules\\mysql2&apos;,
npm warn cleanup     [Error: EPERM: operation not permitted, rmdir &apos;C:\home\site\wwwroot\node_modules\mysql2\typings\mysql\lib\protocol&apos;] {
npm warn cleanup       errno: -4048,
npm warn cleanup       code: &apos;EPERM&apos;,
npm warn cleanup       syscall: &apos;rmdir&apos;,
npm warn cleanup       path: &apos;C:\\home\\site\\wwwroot\\node_modules\\mysql2\\typings\\mysql\\lib\\protocol&apos;
npm warn cleanup     }
npm warn cleanup   ],
npm warn cleanup   [
npm warn cleanup     &apos;C:\\home\\site\\wwwroot\\node_modules\\@cspotcode&apos;,
npm warn cleanup     [Error: EPERM: operation not permitted, rmdir &apos;C:\home\site\wwwroot\node_modules\@cspotcode\source-map-support\node_modules&apos;] {
npm warn cleanup       errno: -4048,
npm warn cleanup       code: &apos;EPERM&apos;,
npm warn cleanup       syscall: &apos;rmdir&apos;,
npm warn cleanup       path: &apos;C:\\home\\site\\wwwroot\\node_modules\\@cspotcode\\source-map-support\\node_modules&apos;
npm warn cleanup     }
npm warn cleanup   ]
npm warn cleanup ]
npm error code 1
npm error path C:\home\site\wwwroot\node_modules\bcrypt
npm error command failed
npm error command C:\Windows\system32\cmd.exe /d /s /c node-pre-gyp install --fallback-to-build
npm error Failed to execute &apos;C:\Program Files (x86)\nodejs\20.19.4\node.exe C:\Program Files (x86)\npm\10.8.2\node_modules\npm\node_modules\node-gyp\bin\node-gyp.js configure --fallback-to-build --module=C:\home\site\wwwroot\node_modules\bcrypt\lib\binding\napi-v3\bcrypt_lib.node --module_name=bcrypt_lib --module_path=C:\home\site\wwwroot\node_modules\bcrypt\lib\binding\napi-v3 --napi_version=9 --node_abi_napi=napi --napi_build_version=3 --node_napi_label=napi-v3&apos; (1)
npm error node-pre-gyp info it worked if it ends with ok
npm error node-pre-gyp info using node-pre-gyp@1.0.11
npm error node-pre-gyp info using node@20.19.4 | win32 | ia32
npm error node-pre-gyp info check checked for &quot;C:\home\site\wwwroot\node_modules\bcrypt\lib\binding\napi-v3\bcrypt_lib.node&quot; (not found)
npm error node-pre-gyp http GET https://github.com/kelektiv/node.bcrypt.js/releases/download/v5.1.1/bcrypt_lib-v5.1.1-napi-v3-win32-ia32-unknown.tar.gz
npm error node-pre-gyp ERR! install response status 404 Not Found on https://github.com/kelektiv/node.bcrypt.js/releases/download/v5.1.1/bcrypt_lib-v5.1.1-napi-v3-win32-ia32-unknown.tar.gz 
npm error node-pre-gyp WARN Pre-built binaries not installable for bcrypt@5.1.1 and node@20.19.4 (node-v115 ABI, unknown) (falling back to source compile with node-gyp) 
npm error node-pre-gyp WARN Hit error response status 404 Not Found on https://github.com/kelektiv/node.bcrypt.js/releases/download/v5.1.1/bcrypt_lib-v5.1.1-napi-v3-win32-ia32-unknown.tar.gz 
npm error gyp info it worked if it ends with ok
npm error gyp info using node-gyp@10.1.0
npm error gyp info using node@20.19.4 | win32 | ia32
npm error gyp info ok 
npm error gyp info it worked if it ends with ok
npm error gyp info using node-gyp@10.1.0
npm error gyp info using node@20.19.4 | win32 | ia32
npm error gyp info find Python using Python version 3.6.8 found at &quot;C:\Python34\python.exe&quot;
npm error gyp http GET https://nodejs.org/download/release/v20.19.4/node-v20.19.4-headers.tar.gz
npm error gyp http 200 https://nodejs.org/download/release/v20.19.4/node-v20.19.4-headers.tar.gz
npm error gyp http GET https://nodejs.org/download/release/v20.19.4/SHASUMS256.txt
npm error gyp http GET https://nodejs.org/download/release/v20.19.4/win-x86/node.lib
npm error gyp http 200 https://nodejs.org/download/release/v20.19.4/SHASUMS256.txt
npm error gyp http 200 https://nodejs.org/download/release/v20.19.4/win-x86/node.lib
npm error gyp ERR! find VS 
npm error gyp ERR! find VS msvs_version not set from command line or npm config
npm error gyp ERR! find VS VCINSTALLDIR not set, not running in VS Command Prompt
npm error gyp ERR! find VS could not use PowerShell to find Visual Studio 2017 or newer, try re-running with &apos;--loglevel silly&apos; for more details.
npm error gyp ERR! find VS 
npm error gyp ERR! find VS Failure details: undefined
npm error gyp ERR! find VS could not use PowerShell to find Visual Studio 2017 or newer, try re-running with &apos;--loglevel silly&apos; for more details.
npm error gyp ERR! find VS 
npm error gyp ERR! find VS Failure details: undefined
npm error gyp ERR! find VS could not use PowerShell to find Visual Studio 2017 or newer, try re-running with &apos;--loglevel silly&apos; for more details.
npm error gyp ERR! find VS 
npm error gyp ERR! find VS Failure details: undefined
npm error gyp ERR! find VS could not use PowerShell to find Visual Studio 2017 or newer, try re-running with &apos;--loglevel silly&apos; for more details.
npm error gyp ERR! find VS 
npm error gyp ERR! find VS Failure details: undefined
npm error gyp ERR! find VS not looking for VS2015 as it is only supported up to Node.js 18
npm error gyp ERR! find VS not looking for VS2013 as it is only supported up to Node.js 8
npm error gyp ERR! find VS 
npm error gyp ERR! find VS **************************************************************
npm error gyp ERR! find VS You need to install the latest version of Visual Studio
npm error gyp ERR! find VS including the &quot;Desktop development with C++&quot; workload.
npm error gyp ERR! find VS For more information consult the documentation at:
npm error gyp ERR! find VS https://github.com/nodejs/node-gyp#on-windows
npm error gyp ERR! find VS **************************************************************
npm error gyp ERR! find VS 
npm error gyp ERR! configure error 
npm error gyp ERR! stack Error: Could not find any Visual Studio installation to use
npm error gyp ERR! stack at VisualStudioFinder.fail (C:\Program Files (x86)\npm\10.8.2\node_modules\npm\node_modules\node-gyp\lib\find-visualstudio.js:116:11)
npm error gyp ERR! stack at VisualStudioFinder.findVisualStudio (C:\Program Files (x86)\npm\10.8.2\node_modules\npm\node_modules\node-gyp\lib\find-visualstudio.js:72:17)
npm error gyp ERR! stack at process.processTicksAndRejections (node:internal/process/task_queues:95:5)
npm error gyp ERR! stack at async createBuildDir (C:\Program Files (x86)\npm\10.8.2\node_modules\npm\node_modules\node-gyp\lib\configure.js:95:26)
npm error gyp ERR! stack at async run (C:\Program Files (x86)\npm\10.8.2\node_modules\npm\node_modules\node-gyp\bin\node-gyp.js:81:18)
npm error gyp ERR! System Windows_NT 10.0.20348
npm error gyp ERR! command &quot;C:\\Program Files (x86)\\nodejs\\20.19.4\\node.exe&quot; &quot;C:\\Program Files (x86)\\npm\\10.8.2\\node_modules\\npm\\node_modules\\node-gyp\\bin\\node-gyp.js&quot; &quot;configure&quot; &quot;--fallback-to-build&quot; &quot;--module=C:\\home\\site\\wwwroot\\node_modules\\bcrypt\\lib\\binding\\napi-v3\\bcrypt_lib.node&quot; &quot;--module_name=bcrypt_lib&quot; &quot;--module_path=C:\\home\\site\\wwwroot\\node_modules\\bcrypt\\lib\\binding\\napi-v3&quot; &quot;--napi_version=9&quot; &quot;--node_abi_napi=napi&quot; &quot;--napi_build_version=3&quot; &quot;--node_napi_label=napi-v3&quot;
npm error gyp ERR! cwd C:\home\site\wwwroot\node_modules\bcrypt
npm error gyp ERR! node -v v20.19.4
npm error gyp ERR! node-gyp -v v10.1.0
npm error gyp ERR! not ok 
npm error node-pre-gyp ERR! build error 
npm error node-pre-gyp ERR! stack Error: Failed to execute &apos;C:\Program Files (x86)\nodejs\20.19.4\node.exe C:\Program Files (x86)\npm\10.8.2\node_modules\npm\node_modules\node-gyp\bin\node-gyp.js configure --fallback-to-build --module=C:\home\site\wwwroot\node_modules\bcrypt\lib\binding\napi-v3\bcrypt_lib.node --module_name=bcrypt_lib --module_path=C:\home\site\wwwroot\node_modules\bcrypt\lib\binding\napi-v3 --napi_version=9 --node_abi_napi=napi --napi_build_version=3 --node_napi_label=napi-v3&apos; (1)
npm error node-pre-gyp ERR! stack     at ChildProcess.&lt;anonymous&gt; (C:\home\site\wwwroot\node_modules\@mapbox\node-pre-gyp\lib\util\compile.js:89:23)
npm error node-pre-gyp ERR! stack     at ChildProcess.emit (node:events:524:28)
npm error node-pre-gyp ERR! stack     at maybeClose (node:internal/child_process:1104:16)
npm error node-pre-gyp ERR! stack     at ChildProcess._handle.onexit (node:internal/child_process:304:5)
npm error node-pre-gyp ERR! System Windows_NT 10.0.20348
npm error node-pre-gyp ERR! command &quot;C:\\Program Files (x86)\\nodejs\\20.19.4\\node.exe&quot; &quot;C:\\home\\site\\wwwroot\\node_modules\\@mapbox\\node-pre-gyp\\bin\\node-pre-gyp&quot; &quot;install&quot; &quot;--fallback-to-build&quot;
npm error node-pre-gyp ERR! cwd C:\home\site\wwwroot\node_modules\bcrypt
npm error node-pre-gyp ERR! node -v v20.19.4
npm error node-pre-gyp ERR! node-pre-gyp -v v1.0.11
npm error node-pre-gyp ERR! not ok
npm notice
npm notice New major version of npm available! 10.8.2 -&gt; 11.8.0
npm notice Changelog: https://github.com/npm/cli/releases/tag/v11.8.0
npm notice To update run: npm install -g npm@11.8.0
npm notice
npm error A complete log of this run can be found in: C:\local\LocalAppData\npm-cache\_logs\2026-01-26T02_58_06_401Z-debug-0.log
C:\Program Files (x86)\SiteExtensions\Kudu\2025.11.1.1\bin\Scripts\starter.cmd &quot;C:\home\site\deployments\tools\deploy.cmd&quot;" stackTrace="   at Kudu.Core.Infrastructure.Executable.ExecuteInternal(ITracer tracer, Func`2 onWriteOutput, Func`2 onWriteError, Encoding encoding, String arguments, Object[] args)
   at Kudu.Core.Infrastructure.Executable.ExecuteWithProgressWriter(ILogger logger, ITracer tracer, String arguments, Object[] args)
   at Kudu.Core.Deployment.Generator.ExternalCommandBuilder.RunCommand(DeploymentContext context, String command, Boolean ignoreManifest, String message)" /><!-- duration: 0ms -->
        </step><!-- duration: 160200ms -->
        <step title="Error occurred" date="2026-01-26T03:00:44.961" type="error" text="Invalid start-up command &quot;nest start&quot; in package.json. Please use the format &quot;node &lt;script relative path&gt;&quot;.
Missing server.js/app.js files, web.config is not generated
npm warn config production Use `--omit=dev` instead.
npm warn deprecated npmlog@5.0.1: This package is no longer supported.
npm warn deprecated inflight@1.0.6: This module is not supported, and leaks memory. Do not use it. Check out lru-cache if you want a good and tested way to coalesce async requests by a key value, which is much more comprehensive and powerful.
npm warn deprecated rimraf@3.0.2: Rimraf versions prior to v4 are no longer supported
npm warn deprecated glob@7.2.3: Glob versions prior to v9 are no longer supported
npm warn deprecated are-we-there-yet@2.0.0: This package is no longer supported.
npm warn deprecated gauge@3.0.2: This package is no longer supported.
npm warn deprecated jpeg-exif@1.1.4: Package no longer supported. Contact Support at https://www.npmjs.com/support for more info.
npm warn deprecated tar@6.2.1: Old versions of tar are not supported, and contain widely publicized security vulnerabilities, which have been fixed in the current version. Please update. Support for old versions may be purchased (at exhorbitant rates) by contacting i@izs.me
npm warn cleanup Failed to remove some directories [
npm warn cleanup   [
npm warn cleanup     &apos;C:\\home\\site\\wwwroot\\node_modules&apos;,
npm warn cleanup     [Error: EPERM: operation not permitted, rmdir &apos;C:\home\site\wwwroot\node_modules\@babel&apos;] {
npm warn cleanup       errno: -4048,
npm warn cleanup       code: &apos;EPERM&apos;,
npm warn cleanup       syscall: &apos;rmdir&apos;,
npm warn cleanup       path: &apos;C:\\home\\site\\wwwroot\\node_modules\\@babel&apos;
npm warn cleanup     }
npm warn cleanup   ],
npm warn cleanup   [
npm warn cleanup     &apos;C:\\home\\site\\wwwroot\\node_modules\\mysql2&apos;,
npm warn cleanup     [Error: EPERM: operation not permitted, rmdir &apos;C:\home\site\wwwroot\node_modules\mysql2\typings\mysql\lib\protocol&apos;] {
npm warn cleanup       errno: -4048,
npm warn cleanup       code: &apos;EPERM&apos;,
npm warn cleanup       syscall: &apos;rmdir&apos;,
npm warn cleanup       path: &apos;C:\\home\\site\\wwwroot\\node_modules\\mysql2\\typings\\mysql\\lib\\protocol&apos;
npm warn cleanup     }
npm warn cleanup   ],
npm warn cleanup   [
npm warn cleanup     &apos;C:\\home\\site\\wwwroot\\node_modules\\@cspotcode&apos;,
npm warn cleanup     [Error: EPERM: operation not permitted, rmdir &apos;C:\home\site\wwwroot\node_modules\@cspotcode\source-map-support\node_modules&apos;] {
npm warn cleanup       errno: -4048,
npm warn cleanup       code: &apos;EPERM&apos;,
npm warn cleanup       syscall: &apos;rmdir&apos;,
npm warn cleanup       path: &apos;C:\\home\\site\\wwwroot\\node_modules\\@cspotcode\\source-map-support\\node_modules&apos;
npm warn cleanup     }
npm warn cleanup   ]
npm warn cleanup ]
npm error code 1
npm error path C:\home\site\wwwroot\node_modules\bcrypt
npm error command failed
npm error command C:\Windows\system32\cmd.exe /d /s /c node-pre-gyp install --fallback-to-build
npm error Failed to execute &apos;C:\Program Files (x86)\nodejs\20.19.4\node.exe C:\Program Files (x86)\npm\10.8.2\node_modules\npm\node_modules\node-gyp\bin\node-gyp.js configure --fallback-to-build --module=C:\home\site\wwwroot\node_modules\bcrypt\lib\binding\napi-v3\bcrypt_lib.node --module_name=bcrypt_lib --module_path=C:\home\site\wwwroot\node_modules\bcrypt\lib\binding\napi-v3 --napi_version=9 --node_abi_napi=napi --napi_build_version=3 --node_napi_label=napi-v3&apos; (1)
npm error node-pre-gyp info it worked if it ends with ok
npm error node-pre-gyp info using node-pre-gyp@1.0.11
npm error node-pre-gyp info using node@20.19.4 | win32 | ia32
npm error node-pre-gyp info check checked for &quot;C:\home\site\wwwroot\node_modules\bcrypt\lib\binding\napi-v3\bcrypt_lib.node&quot; (not found)
npm error node-pre-gyp http GET https://github.com/kelektiv/node.bcrypt.js/releases/download/v5.1.1/bcrypt_lib-v5.1.1-napi-v3-win32-ia32-unknown.tar.gz
npm error node-pre-gyp ERR! install response status 404 Not Found on https://github.com/kelektiv/node.bcrypt.js/releases/download/v5.1.1/bcrypt_lib-v5.1.1-napi-v3-win32-ia32-unknown.tar.gz 
npm error node-pre-gyp WARN Pre-built binaries not installable for bcrypt@5.1.1 and node@20.19.4 (node-v115 ABI, unknown) (falling back to source compile with node-gyp) 
npm error node-pre-gyp WARN Hit error response status 404 Not Found on https://github.com/kelektiv/node.bcrypt.js/releases/download/v5.1.1/bcrypt_lib-v5.1.1-napi-v3-win32-ia32-unknown.tar.gz 
npm error gyp info it worked if it ends with ok
npm error gyp info using node-gyp@10.1.0
npm error gyp info using node@20.19.4 | win32 | ia32
npm error gyp info ok 
npm error gyp info it worked if it ends with ok
npm error gyp info using node-gyp@10.1.0
npm error gyp info using node@20.19.4 | win32 | ia32
npm error gyp info find Python using Python version 3.6.8 found at &quot;C:\Python34\python.exe&quot;
npm error gyp http GET https://nodejs.org/download/release/v20.19.4/node-v20.19.4-headers.tar.gz
npm error gyp http 200 https://nodejs.org/download/release/v20.19.4/node-v20.19.4-headers.tar.gz
npm error gyp http GET https://nodejs.org/download/release/v20.19.4/SHASUMS256.txt
npm error gyp http GET https://nodejs.org/download/release/v20.19.4/win-x86/node.lib
npm error gyp http 200 https://nodejs.org/download/release/v20.19.4/SHASUMS256.txt
npm error gyp http 200 https://nodejs.org/download/release/v20.19.4/win-x86/node.lib
npm error gyp ERR! find VS 
npm error gyp ERR! find VS msvs_version not set from command line or npm config
npm error gyp ERR! find VS VCINSTALLDIR not set, not running in VS Command Prompt
npm error gyp ERR! find VS could not use PowerShell to find Visual Studio 2017 or newer, try re-running with &apos;--loglevel silly&apos; for more details.
npm error gyp ERR! find VS 
npm error gyp ERR! find VS Failure details: undefined
npm error gyp ERR! find VS could not use PowerShell to find Visual Studio 2017 or newer, try re-running with &apos;--loglevel silly&apos; for more details.
npm error gyp ERR! find VS 
npm error gyp ERR! find VS Failure details: undefined
npm error gyp ERR! find VS could not use PowerShell to find Visual Studio 2017 or newer, try re-running with &apos;--loglevel silly&apos; for more details.
npm error gyp ERR! find VS 
npm error gyp ERR! find VS Failure details: undefined
npm error gyp ERR! find VS could not use PowerShell to find Visual Studio 2017 or newer, try re-running with &apos;--loglevel silly&apos; for more details.
npm error gyp ERR! find VS 
npm error gyp ERR! find VS Failure details: undefined
npm error gyp ERR! find VS not looking for VS2015 as it is only supported up to Node.js 18
npm error gyp ERR! find VS not looking for VS2013 as it is only supported up to Node.js 8
npm error gyp ERR! find VS 
npm error gyp ERR! find VS **************************************************************
npm error gyp ERR! find VS You need to install the latest version of Visual Studio
npm error gyp ERR! find VS including the &quot;Desktop development with C++&quot; workload.
npm error gyp ERR! find VS For more information consult the documentation at:
npm error gyp ERR! find VS https://github.com/nodejs/node-gyp#on-windows
npm error gyp ERR! find VS **************************************************************
npm error gyp ERR! find VS 
npm error gyp ERR! configure error 
npm error gyp ERR! stack Error: Could not find any Visual Studio installation to use
npm error gyp ERR! stack at VisualStudioFinder.fail (C:\Program Files (x86)\npm\10.8.2\node_modules\npm\node_modules\node-gyp\lib\find-visualstudio.js:116:11)
npm error gyp ERR! stack at VisualStudioFinder.findVisualStudio (C:\Program Files (x86)\npm\10.8.2\node_modules\npm\node_modules\node-gyp\lib\find-visualstudio.js:72:17)
npm error gyp ERR! stack at process.processTicksAndRejections (node:internal/process/task_queues:95:5)
npm error gyp ERR! stack at async createBuildDir (C:\Program Files (x86)\npm\10.8.2\node_modules\npm\node_modules\node-gyp\lib\configure.js:95:26)
npm error gyp ERR! stack at async run (C:\Program Files (x86)\npm\10.8.2\node_modules\npm\node_modules\node-gyp\bin\node-gyp.js:81:18)
npm error gyp ERR! System Windows_NT 10.0.20348
npm error gyp ERR! command &quot;C:\\Program Files (x86)\\nodejs\\20.19.4\\node.exe&quot; &quot;C:\\Program Files (x86)\\npm\\10.8.2\\node_modules\\npm\\node_modules\\node-gyp\\bin\\node-gyp.js&quot; &quot;configure&quot; &quot;--fallback-to-build&quot; &quot;--module=C:\\home\\site\\wwwroot\\node_modules\\bcrypt\\lib\\binding\\napi-v3\\bcrypt_lib.node&quot; &quot;--module_name=bcrypt_lib&quot; &quot;--module_path=C:\\home\\site\\wwwroot\\node_modules\\bcrypt\\lib\\binding\\napi-v3&quot; &quot;--napi_version=9&quot; &quot;--node_abi_napi=napi&quot; &quot;--napi_build_version=3&quot; &quot;--node_napi_label=napi-v3&quot;
npm error gyp ERR! cwd C:\home\site\wwwroot\node_modules\bcrypt
npm error gyp ERR! node -v v20.19.4
npm error gyp ERR! node-gyp -v v10.1.0
npm error gyp ERR! not ok 
npm error node-pre-gyp ERR! build error 
npm error node-pre-gyp ERR! stack Error: Failed to execute &apos;C:\Program Files (x86)\nodejs\20.19.4\node.exe C:\Program Files (x86)\npm\10.8.2\node_modules\npm\node_modules\node-gyp\bin\node-gyp.js configure --fallback-to-build --module=C:\home\site\wwwroot\node_modules\bcrypt\lib\binding\napi-v3\bcrypt_lib.node --module_name=bcrypt_lib --module_path=C:\home\site\wwwroot\node_modules\bcrypt\lib\binding\napi-v3 --napi_version=9 --node_abi_napi=napi --napi_build_version=3 --node_napi_label=napi-v3&apos; (1)
npm error node-pre-gyp ERR! stack     at ChildProcess.&lt;anonymous&gt; (C:\home\site\wwwroot\node_modules\@mapbox\node-pre-gyp\lib\util\compile.js:89:23)
npm error node-pre-gyp ERR! stack     at ChildProcess.emit (node:events:524:28)
npm error node-pre-gyp ERR! stack     at maybeClose (node:internal/child_process:1104:16)
npm error node-pre-gyp ERR! stack     at ChildProcess._handle.onexit (node:internal/child_process:304:5)
npm error node-pre-gyp ERR! System Windows_NT 10.0.20348
npm error node-pre-gyp ERR! command &quot;C:\\Program Files (x86)\\nodejs\\20.19.4\\node.exe&quot; &quot;C:\\home\\site\\wwwroot\\node_modules\\@mapbox\\node-pre-gyp\\bin\\node-pre-gyp&quot; &quot;install&quot; &quot;--fallback-to-build&quot;
npm error node-pre-gyp ERR! cwd C:\home\site\wwwroot\node_modules\bcrypt
npm error node-pre-gyp ERR! node -v v20.19.4
npm error node-pre-gyp ERR! node-pre-gyp -v v1.0.11
npm error node-pre-gyp ERR! not ok
npm notice
npm notice New major version of npm available! 10.8.2 -&gt; 11.8.0
npm notice Changelog: https://github.com/npm/cli/releases/tag/v11.8.0
npm notice To update run: npm install -g npm@11.8.0
npm notice
npm error A complete log of this run can be found in: C:\local\LocalAppData\npm-cache\_logs\2026-01-26T02_58_06_401Z-debug-0.log
C:\Program Files (x86)\SiteExtensions\Kudu\2025.11.1.1\bin\Scripts\starter.cmd &quot;C:\home\site\deployments\tools\deploy.cmd&quot;" stackTrace="   at Kudu.Core.Infrastructure.Executable.ExecuteInternal(ITracer tracer, Func`2 onWriteOutput, Func`2 onWriteError, Encoding encoding, String arguments, Object[] args)
   at Kudu.Core.Infrastructure.Executable.ExecuteWithProgressWriter(ILogger logger, ITracer tracer, String arguments, Object[] args)
   at Kudu.Core.Deployment.Generator.ExternalCommandBuilder.RunCommand(DeploymentContext context, String command, Boolean ignoreManifest, String message)
   at Kudu.Core.Deployment.Generator.GeneratorSiteBuilder.Build(DeploymentContext context)
--- End of stack trace from previous location where exception was thrown ---
   at System.Runtime.CompilerServices.TaskAwaiter.ThrowForNonSuccess(Task task)
   at System.Runtime.CompilerServices.TaskAwaiter.HandleNonSuccessAndDebuggerNotification(Task task)
   at System.Runtime.CompilerServices.TaskAwaiter.ValidateEnd(Task task)
   at Kudu.Core.Deployment.DeploymentManager.&lt;Build&gt;d__38.MoveNext()" /><!-- duration: 0ms -->
        <step title="Deployment Failed. DEPLOYMENTINFO: deploymentPath = OneDeploy, deployer = OneDeploy, os = windows, sku = Free, siteName = finanzia, siteHostName = finanzia.azurewebsites.net, deploymentStatus = Failed" date="2026-01-26T03:00:44.977" /><!-- duration: 16ms -->
      </step><!-- duration: 160544ms -->
      <step title="Cleaning up temp files" date="2026-01-26T03:00:45.008" /><!-- duration: 0ms -->
    </step><!-- duration: 161450ms -->
    <step title="LockFile &apos;C:\home\site\locks\deployments.lock&apos; released" date="2026-01-26T03:00:45.070" /><!-- duration: 16ms -->
    <step title="Deleting shutdown sentinel file" date="2026-01-26T03:00:45.086" SemaphoreCount="8" /><!-- duration: 0ms -->
  </step><!-- duration: 161732ms -->
  <step title="Outgoing response" date="2026-01-26T03:00:45.133" type="response" statusCode="200" statusText="OK" Server="Microsoft-IIS/10.0" x-ms-request-id="cd573b51-fa62-11f0-9e45-68c6ac7eabed" Cache-Control="private" X-AspNet-Version="4.0.30319" /><!-- duration: 0ms -->
</step><!-- duration: 162029ms -->
