{
  "navigationFallback": {
    "rewrite": "/index.html",
    "exclude": [
      "/assets/*",
      "/*.{css,scss,js,png,jpg,jpeg,gif,svg,ico,json,woff,woff2,ttf,eot,map}"
    ]
  },
  "routes": [
    {
      "route": "/api/*",
      "allowedRoles": ["anonymous"]
    }
  ],
  "globalHeaders": {
    "X-Content-Type-Options": "nosniff",
    "X-Frame-Options": "SAMEORIGIN",
    "X-XSS-Protection": "1; mode=block",
    "Referrer-Policy": "strict-origin-when-cross-origin"
  },
  "mimeTypes": {
    ".json": "application/json",
    ".woff": "application/font-woff",
    ".woff2": "application/font-woff2",
    ".ttf": "font/ttf",
    ".eot": "application/vnd.ms-fontobject"
  },
  "responseOverrides": {
    "404": {
      "rewrite": "/index.html",
      "statusCode": 200
    }
  }
}
