<step title="BackgroundTrace" date="2026-01-26T05:24:28.023" instance="9210fd" url="/api/zipdeploy" method="POST" >
  <step title="Creating temporary deployment - FetchDeploymentManager" date="2026-01-26T05:24:28.148" /><!-- duration: 1ms -->
  <step title="Creating temporary deployment" date="2026-01-26T05:24:28.151" /><!-- duration: 68ms -->
  <step title="Performing fetch based deployment" date="2026-01-26T05:24:28.264" >
    <step title="Cleaning up temp folders from previous zip deployments and extracting pushed zip file /tmp/zipdeploy/9f656d9d-1e7f-4be1-9912-5cc91a2b0421.zip (1.30 MB) to /tmp/zipdeploy/extracted" date="2026-01-26T05:24:29.552" >
      <step title="ChmodRecursive Process exited with total time taken in ms: 68" date="2026-01-26T05:24:30.386" /><!-- duration: 2ms -->
    </step><!-- duration: 843ms -->
    <step title="Deployment timer started" date="2026-01-26T05:24:32.422" >
      <step title="DeploymentManager.Deploy(id:b8a8f5b1-588b-47b5-be49-7cfa47795350)" date="2026-01-26T05:24:32.444" >
        <step title="Collecting changeset information" date="2026-01-26T05:24:32.554" /><!-- duration: 172ms -->
        <step title="Updating submodules" date="2026-01-26T05:24:32.765" /><!-- duration: 1361ms -->
        <step title="Determining deployment builder" date="2026-01-26T05:24:34.365" >
          <step title="Builder is BasicBuilder" date="2026-01-26T05:24:34.383" /><!-- duration: 3ms -->
        </step><!-- duration: 29ms -->
        <step title="PreDeployment: context.CleanOutputPath False" date="2026-01-26T05:24:34.481" >
          <step title="PreDeployment: context.OutputPath /home/site/wwwroot" date="2026-01-26T05:24:34.600" >
            <step title="Building" date="2026-01-26T05:24:34.741" >
              <step title="Executing external process" date="2026-01-26T05:24:35.015" type="process" path="starter.sh" arguments="/opt/Kudu/Scripts/parallel_rsync.sh /tmp/zipdeploy/extracted /home/site/wwwroot 8 /tmp/ False True  " /><!-- duration: 14839ms -->
              <step title="Triggering recycle (preview mode disabled)." date="2026-01-26T05:24:50.166" /><!-- duration: 2ms -->
              <step title="Modified file to trigger a restart of the app container." date="2026-01-26T05:24:50.202" /><!-- duration: 4ms -->
              <step title="Skip function trigger and logicapp sync because function is not enabled." date="2026-01-26T05:24:50.211" /><!-- duration: 3ms -->
              <step title="Purge deployment items" date="2026-01-26T05:24:51.000" >
                <step title="Remove 718b308a-, Failed, received at 01/26/2026 05:21:57" date="2026-01-26T05:24:51.112" /><!-- duration: 15ms -->
              </step><!-- duration: 130ms -->
            </step><!-- duration: 16470ms -->
          </step><!-- duration: 16613ms -->
          <step title="Cleaning up temp files" date="2026-01-26T05:24:51.214" /><!-- duration: 2ms -->
          <step title="Cleaning up temp files" date="2026-01-26T05:24:51.218" /><!-- duration: 503ms -->
          <step title="Reloading status file with latest updates" date="2026-01-26T05:24:51.761" >
            <step title="WebHooksManager.PublishEventAsync: PostDeployment" date="2026-01-26T05:24:51.764" /><!-- duration: 32ms -->
          </step><!-- duration: 46ms -->
          <step title="Cleaning up temporary deployment - fetch deployment was successful" date="2026-01-26T05:24:51.812" /><!-- duration: 3ms -->
        </step><!-- duration: 17397ms -->
      </step><!-- duration: 19463ms -->
