<step title="Incoming Request" date="2026-01-26T05:24:25.170" instance="9210fd" url="/api/zipdeploy?isAsync=true" method="POST" type="request" pid="833,1,20" Accept="*/*" Host="finanzia.scm.azurewebsites.net" User-Agent="AZURECLI/2.80.0 (MSI)" Accept-Encoding="gzip, deflate" Authorization="Bea..." Cache-Control="no-cache" Content-Type="application/octet-stream" Content-Length="1364321" x-ms-client-request-id="3d6366eb-fa77-11f0-9777-68c6ac7eabed" x-ms-artifact-checksum="03e42ecc876f739ab485c1790a1e62a3dc8fecf26b56d92ba31f57d133c21572" X-ARR-LOG-ID="3d6366eb-fa77-11f0-9777-68c6ac7eabed" CLIENT-IP="190.150.168.172:43883" X-SITE-DEPLOYMENT-ID="finanzia" WAS-DEFAULT-HOSTNAME="finanzia.scm.azurewebsites.net" X-Forwarded-Proto="https" X-AppService-Proto="https" X-Forwarded-TlsVersion="1.3" X-WAWS-Unencoded-URL="/api/zipdeploy?isAsync=true" X-Client-IP="190.150.168.172" X-Client-Port="43883" >
  <step title="Cleanup Xml Logs" date="2026-01-26T05:24:25.199" /><!-- duration: 30ms -->
  <step title="ZipPushDeploy" date="2026-01-26T05:24:25.388" >
    <step title="ZipDeploy. Extract zip." date="2026-01-26T05:24:25.393" /><!-- duration: 1ms -->
    <step title="Starting PushDeployAsync" date="2026-01-26T05:24:25.397" /><!-- duration: 2ms -->
    <step title="Writing artifact to /tmp/zipdeploy/9f656d9d-1e7f-4be1-9912-5cc91a2b0421.zip" date="2026-01-26T05:24:25.403" >
      <step title="Writing multipart request body to /tmp/zipdeploy/9f656d9d-1e7f-4be1-9912-5cc91a2b0421.zip" date="2026-01-26T05:24:25.404" /><!-- duration: 1ms -->
    </step><!-- duration: 2571ms -->
    <step title="Removing previous build artifact&apos;s manifest file" date="2026-01-26T05:24:27.980" >
      <step title="Start deployment in the background" date="2026-01-26T05:24:27.995" >
        <step title="Acquiring Deployment Lock" date="2026-01-26T05:24:28.093" /><!-- duration: 2ms -->
        <step title="Acquired Deployment Lock" date="2026-01-26T05:24:28.143" /><!-- duration: 3ms -->
      </step><!-- duration: 227ms -->
    </step><!-- duration: 261ms -->
    <step title="Outgoing response" date="2026-01-26T05:24:28.251" type="response" statusCode="202" statusText="Accepted" /><!-- duration: 2ms -->
  </step><!-- duration: 2868ms -->
