<step title="Incoming Request" date="2026-01-26T04:44:05.383" instance="9210fd" url="/api/zipdeploy?isAsync=true" method="POST" type="request" pid="833,1,5" Accept="*/*" Host="finanzia.scm.azurewebsites.net" User-Agent="AZURECLI/2.80.0 (MSI)" Accept-Encoding="gzip, deflate" Authorization="Bea..." Cache-Control="no-cache" Content-Type="application/octet-stream" Content-Length="1294180" x-ms-client-request-id="840c370b-fa71-11f0-8878-68c6ac7eabed" x-ms-artifact-checksum="b6b14f91886cff3814b13af0e220e9720dbcad4cab24021c82a4e5c40065bd9f" X-ARR-LOG-ID="840c370b-fa71-11f0-8878-68c6ac7eabed" CLIENT-IP="190.150.168.172:63991" X-SITE-DEPLOYMENT-ID="finanzia" WAS-DEFAULT-HOSTNAME="finanzia.scm.azurewebsites.net" X-Forwarded-Proto="https" X-AppService-Proto="https" X-Forwarded-TlsVersion="1.3" X-WAWS-Unencoded-URL="/api/zipdeploy?isAsync=true" X-Client-IP="190.150.168.172" X-Client-Port="63991" >
  <step title="ZipPushDeploy" date="2026-01-26T04:44:06.228" >
    <step title="ZipDeploy. Extract zip. Remote build." date="2026-01-26T04:44:06.239" /><!-- duration: 2ms -->
    <step title="None repository commit" date="2026-01-26T04:44:06.246" >
      <step title="Commit id: cbb2fbe8-8002-4971-a3ca-73fd8ca824dd" date="2026-01-26T04:44:06.248" Message="N/A" AuthorName="N/A" AuthorEmail="N/A" /><!-- duration: 2ms -->
    </step><!-- duration: 5ms -->
    <step title="Starting PushDeployAsync" date="2026-01-26T04:44:06.253" /><!-- duration: 1ms -->
    <step title="Removing node_modules symlink" date="2026-01-26T04:44:06.267" >
      <step title="Removing _del_node_modules symlink" date="2026-01-26T04:44:06.348" >
        <step title="Writing artifact to /tmp/zipdeploy/f95fc450-5fff-4051-a799-ac78f3e02b9e.zip" date="2026-01-26T04:44:06.388" >
          <step title="Writing multipart request body to /tmp/zipdeploy/f95fc450-5fff-4051-a799-ac78f3e02b9e.zip" date="2026-01-26T04:44:06.411" /><!-- duration: 8ms -->
        </step><!-- duration: 322ms -->
        <step title="Removing previous build artifact&apos;s manifest file" date="2026-01-26T04:44:06.771" >
          <step title="Start deployment in the background" date="2026-01-26T04:44:06.920" >
            <step title="Acquiring Deployment Lock" date="2026-01-26T04:44:07.002" /><!-- duration: 20ms -->
            <step title="Acquired Deployment Lock" date="2026-01-26T04:44:07.129" /><!-- duration: 2ms -->
          </step><!-- duration: 258ms -->
        </step><!-- duration: 412ms -->
        <step title="Outgoing response" date="2026-01-26T04:44:07.223" type="response" statusCode="202" statusText="Accepted" /><!-- duration: 9ms -->
      </step><!-- duration: 886ms -->
