<step title="BackgroundTrace" date="2026-01-26T04:15:38.931" instance="9be4b8" url="/api/zipdeploy" method="POST" >
  <step title="Creating temporary deployment - FetchDeploymentManager" date="2026-01-26T04:15:38.980" /><!-- duration: 4ms -->
  <step title="Creating temporary deployment" date="2026-01-26T04:15:38.990" /><!-- duration: 66ms -->
  <step title="Performing fetch based deployment" date="2026-01-26T04:15:39.100" >
    <step title="Cleaning up temp folders from previous zip deployments and extracting pushed zip file /tmp/zipdeploy/844ce144-e4c3-4501-9dbe-1107bc09f3fb.zip (1.23 MB) to /tmp/zipdeploy/extracted" date="2026-01-26T04:15:40.248" >
      <step title="ChmodRecursive Process exited with total time taken in ms: 84" date="2026-01-26T04:15:41.512" /><!-- duration: 6ms -->
    </step><!-- duration: 1275ms -->
    <step title="Deployment timer started" date="2026-01-26T04:15:43.532" >
      <step title="DeploymentManager.Deploy(id:03a35c94-5e45-41c6-9696-336b49e96bf3)" date="2026-01-26T04:15:43.540" >
        <step title="Collecting changeset information" date="2026-01-26T04:15:43.562" /><!-- duration: 80ms -->
        <step title="Updating submodules" date="2026-01-26T04:15:43.649" /><!-- duration: 1126ms -->
        <step title="Determining deployment builder" date="2026-01-26T04:15:45.016" >
          <step title="Builder is OryxBuilder" date="2026-01-26T04:15:45.027" /><!-- duration: 4ms -->
        </step><!-- duration: 19ms -->
        <step title="PreDeployment: context.CleanOutputPath False" date="2026-01-26T04:15:45.081" >
          <step title="PreDeployment: context.OutputPath /home/site/wwwroot" date="2026-01-26T04:15:45.198" >
            <step title="Building" date="2026-01-26T04:15:45.341" >
              <step title="Executing external process" date="2026-01-26T04:15:45.641" type="process" path="bash" arguments="-c &quot;oryx build /tmp/zipdeploy/extracted -o /home/site/wwwroot --platform nodejs --platform-version 20 -p virtualenv_name= --log-file /tmp/build-debug.log  -i /tmp/8de5c9193a6c8f9 -p compress_node_modules=tar-gz | tee /tmp/oryx-build.log ; exit $PIPESTATUS &quot;" /><!-- duration: 71273ms -->
              <step title="Using GenericDeploymentLogParser" date="2026-01-26T04:16:57.355" /><!-- duration: 3ms -->
              <step title="Triggering recycle (preview mode disabled)." date="2026-01-26T04:16:58.663" /><!-- duration: 6ms -->
              <step title="Modified file to trigger a restart of the app container." date="2026-01-26T04:16:58.725" /><!-- duration: 25ms -->
              <step title="Skip function trigger and logicapp sync because function is not enabled." date="2026-01-26T04:16:58.757" /><!-- duration: 4ms -->
              <step title="Purge deployment items" date="2026-01-26T04:16:59.412" >
                <step title="Remove 63b4c277-, Failed, received at 01/26/2026 04:09:21" date="2026-01-26T04:16:59.477" /><!-- duration: 3ms -->
              </step><!-- duration: 72ms -->
            </step><!-- duration: 74234ms -->
          </step><!-- duration: 74385ms -->
          <step title="Cleaning up temp files" date="2026-01-26T04:16:59.587" /><!-- duration: 738ms -->
          <step title="Cleaning up temp files" date="2026-01-26T04:17:00.332" /><!-- duration: 505ms -->
          <step title="Reloading status file with latest updates" date="2026-01-26T04:17:00.880" >
            <step title="WebHooksManager.PublishEventAsync: PostDeployment" date="2026-01-26T04:17:00.885" /><!-- duration: 30ms -->
          </step><!-- duration: 43ms -->
          <step title="Cleaning up temporary deployment - fetch deployment was successful" date="2026-01-26T04:17:00.930" /><!-- duration: 3ms -->
        </step><!-- duration: 75898ms -->
      </step><!-- duration: 77454ms -->
