{"TimeStamp":"2026-01-26T03:52:36Z","SiteName":"finanzia","RequestId":"68da2c59-fa6a-11f0-8f5f-68c6ac7eabed","Kind":"OneDeploy","Status":"Success","Details":"{\"Id\":\"3163430a85a84bfa96c52879d7fd4f2a\",\"Status\":4,\"StatusText\":\"\",\"AuthorEmail\":\"N/A\",\"Author\":\"N/A\",\"Message\":\"OneDeploy\",\"Progress\":\"\",\"Deployer\":\"OneDeploy\",\"ReceivedTime\":\"2026-01-26T03:52:32.5708Z\",\"StartTime\":\"2026-01-26T03:52:32.7429322Z\",\"EndTime\":\"2026-01-26T03:52:36.8054945Z\",\"LastSuccessEndTime\":\"2026-01-26T03:52:36.8054945Z\",\"Complete\":true,\"IsTemporary\":false,\"IsReadOnly\":true,\"SiteName\":\"finanzia\",\"HostName\":\"finanzia.scm.azurewebsites.net\",\"ProjectType\":\"NODE.JS\",\"VsProjectId\":null}"}