﻿<?xml version="1.0" encoding="utf-8"?>
<deployment>
  <id>3163430a85a84bfa96c52879d7fd4f2a</id>
  <author>N/A</author>
  <deployer>OneDeploy</deployer>
  <authorEmail>N/A</authorEmail>
  <message>OneDeploy</message>
  <progress></progress>
  <status>Success</status>
  <statusText></statusText>
  <lastSuccessEndTime>2026-01-26T03:52:36.8054945Z</lastSuccessEndTime>
  <receivedTime>2026-01-26T03:52:32.5708Z</receivedTime>
  <startTime>2026-01-26T03:52:32.7429322Z</startTime>
  <endTime>2026-01-26T03:52:36.8054945Z</endTime>
  <complete>True</complete>
  <is_temp>False</is_temp>
  <is_readonly>True</is_readonly>
  <project_type>NODE.JS</project_type>
  <vsproject_id></vsproject_id>
</deployment>